TIC,trustworthy,bls_period,bls_duration,duty_cycle,duration_at_max,bls_depth,bls_snr,robust_depth,robust_sigma,depth_ratio,n_in_box,verdict
102334361,True,0.7754003113129324,0.5,0.64482821673541,True,0.0098892016378407,65.31156714166337,0.0007819749844901747,4.379517125825686,0.07907362122114828,711,NOVEL
102549137,False,8.960324361985574,0.5,0.055801551350223876,True,0.0070565473787647,8.805356040301465,0.006574025024198793,7.205945132549653,0.9316206171848341,48,(no F4 verdict)
111149941,True,5.240091764822175,0.35,0.06679272343084194,False,0.0004546419920715,10.185398171399184,0.00046591406510831934,8.482366054394404,1.0247932950176029,133,NOVEL
111392188,False,21.240919491225785,0.02,0.0009415788242247053,False,0.2596376339316738,104.74173777613844,,,,2,(no F4 verdict)
118352931,True,27.040571054777597,0.084,0.003106443271106831,False,0.3329912019049989,1035.8642633975048,0.32110378886810254,488.97493694144936,0.9643011197626542,81,NOVEL
119459681,True,5.944205171807016,0.244,0.04104838122971871,False,0.1597707075177683,310.5707953376803,0.1746969857620888,199.76239615843235,1.093423121648632,35,NOVEL
120037212,False,4.854126258842557,0.02,0.00412020597189182,False,0.2553398882075054,50.90570747125797,,,,1,(no F4 verdict)
12080822,False,34.2448098648868,0.028,0.0008176421510434501,False,0.3333664654329376,92.4584519285482,0.19056069996573677,31.464454395303843,0.571625282459826,25,(no F4 verdict)
122328031,True,24.60005074464305,0.5,0.020325161325485515,True,0.0125579914506316,70.26337245360904,0.012185503570028122,48.51288796467929,0.9703385782616738,69,NOVEL
122792457,False,10.873845273427731,0.5,0.04598189393239237,True,0.0876289067569726,206.7083440962177,0.11517403384014402,160.88792585630958,1.314338362791222,45,(no F4 verdict)
125356758,True,0.8153391345063102,0.5,0.6132417528354642,True,0.005569733614052,27.483939595814203,0.0005319624749346996,3.342510101753572,0.09550950041714745,654,NOVEL
125900581,True,3.265462365578779,0.084,0.025723769131576448,False,0.0258281203990943,13.374851242380425,0.022532867166342507,8.86097645847107,0.872416065054918,30,NOVEL
127319649,False,4.208740629269853,0.02,0.004752015332308485,False,0.2569657522008659,79.02569317034192,0.3145954844660337,29.82624832630135,1.2242700895803404,3,(no F4 verdict)
132203740,False,13.13650393616622,0.028,0.0021314651246678324,False,0.2869911110468745,111.7917148645241,,,,2,(no F4 verdict)
1326118009,True,6.034863511026644,0.244,0.040431734628989316,False,0.0350042744208291,56.07358787081197,0.037186393072926816,20.35509631230584,1.0623386340154863,45,NOVEL
133776248,False,10.952177738106617,0.04,0.0036522416780021224,False,0.0911474670747041,31.62489699634447,0.09652402773890967,113.01319843162612,1.0589874939673196,5,(no F4 verdict)
135346783,False,10.84415007160422,0.02,0.0018443123590082626,False,0.3451373727363031,70.54441480912064,,,,1,(no F4 verdict)
136191877,True,0.9021624954798596,0.12,0.13301373156303964,False,0.5656905815020541,555.2885829234801,0.6722784213910987,909.151433623349,1.1884207433788743,5224,NOVEL
137091217,True,13.589848101136296,0.5,0.036792169881442106,True,0.0010750287904441,149.3420560037325,0.0009056004172909304,28.730606242487944,0.8423964319288809,2460,KNOWN_OTHER_TYPE
13831700,False,6.14425832821374,0.02,0.003255071471875175,False,0.1383510968510754,41.31894085445179,,,,2,(no F4 verdict)
138362838,False,33.79683838242553,0.17,0.005030056305160207,False,0.1263596490638733,193.32227856810556,0.03099613682470359,35.90820887935283,0.24530090938314816,300,(no F4 verdict)
138407805,True,0.8779908345776146,0.02,0.022779281072588458,False,0.0051599895060274,78.9407971409491,0.004776518867652291,9.164183110340012,0.925683833673077,248,KNOWN_OTHER_TYPE
139716826,True,0.7681332942343571,0.5,0.6509286913521682,True,0.006343846437099,34.504681060215866,0.0006163572601216583,3.909210361372755,0.09715828815104711,697,NOVEL
139853641,True,0.8164549251720169,0.5,0.6124036791065425,True,0.0095574730006434,85.25854953938801,0.0005466673203642358,3.5530090241869763,0.057197893243060655,652,KNOWN_OTHER_TYPE
14001269,False,12.552541100644673,0.17,0.013543074556534944,False,0.2089994234608356,226.05141076705075,0.22284670551741814,187.1531712409145,1.0662551208385385,16,(no F4 verdict)
142837818,True,0.8669692448516142,0.5,0.5767217268307797,True,0.0004056038281222,18.07629451556967,0.00015115768250861805,5.4591092545241855,0.3726732146696539,614,NOVEL
142841561,True,0.7550291699559759,0.058,0.07681822412686633,False,0.0309780403043623,96.8776297735366,0.03373709536859182,25.27903403340353,1.0890648677941384,82,NOVEL
144079288,False,9.459980222855352,0.244,0.0257928657620758,False,0.0260998902080349,44.09717721264164,0.02632986327768727,23.23110784530035,1.0088112657876842,24,(no F4 verdict)
145593829,False,20.602679904313145,0.35,0.016988081241155813,False,0.0624676330487405,164.40953606208706,0.06322895770775294,63.702485693531784,1.0121875061028551,13,(no F4 verdict)
145599042,False,13.18662723426584,0.5,0.03791720135234696,True,0.1116019594498085,197.0450575268051,0.085786014716148,112.32755343039034,0.7686783918406838,15,(no F4 verdict)
145905547,True,1.0077896660084578,0.5,0.4961352719365985,True,0.0044938059178001,39.97129754844003,0.00029024262013410684,2.2563773295348932,0.0645872619875387,933,NOVEL
146204013,True,14.190971289039512,0.17,0.011979447814914586,False,0.2063522345940655,2793.690762175509,0.2243306448581981,977.4194220755886,1.0871248634622233,31,NOVEL
146608979,True,3.687471924797949,0.35,0.09491597689090958,False,0.0096821746189435,36.47146913521904,0.00848713413084834,20.864386626544743,0.8765731320568187,188,NOVEL
146939207,False,13.884490547857876,0.5,0.03601140411141271,True,0.0402801042528674,47.063198399031606,0.03876843507367189,24.259248603625057,0.9624710708367172,90,(no F4 verdict)
147410827,False,14.115163649055445,0.5,0.035422897844578576,True,0.1468649088407363,94.28773903722974,0.15166260441664037,52.21173640454623,1.0326674058069705,81,(no F4 verdict)
147639214,False,1.0386518400043132,0.058,0.055841618688856454,False,0.1124246620886891,258.90288920597783,0.1088864990810321,73.45014877153777,0.9685285866826459,60,(no F4 verdict)
150250239,False,31.392623740333818,0.02,0.0006370923362580757,False,0.113879667307878,64.53601600207418,0.004433014096053456,1.611797435250269,0.03892717814207021,5,(no F4 verdict)
150250315,False,37.7061888590883,0.35,0.009282295840292533,False,0.0120891756104536,94.1481503249472,0.0008694021903596916,5.008863490683637,0.0719157549178054,97,(no F4 verdict)
153080360,True,0.7825225996516298,0.058,0.07411926508681148,False,0.0065641126907423,111.9771643914806,0.006601925229896333,84.26182590623763,1.005760495124857,1128,NOVEL
153336799,True,1.1312302183921423,0.12,0.10607920302072575,False,0.0096974595409396,56.13702699606745,0.008401298531657053,26.613815698207734,0.8663401477664777,202,KNOWN_OTHER_TYPE
154125993,False,35.458915188131016,0.02,0.0005640330476521317,False,0.2429546570784802,23.56713881535015,0.029210958801004216,1.490003706528023,0.12023214188303612,4,(no F4 verdict)
154831114,True,1.582454434959247,0.12,0.07583156731024003,False,0.0321311863896544,114.75730765267308,0.03883574035131554,61.163025732065655,1.208661886316774,142,NOVEL
158329671,True,1.5333946458252492,0.12,0.07825774031930173,False,0.1181365006913262,674.2709071442584,0.1219181945631379,211.22474357917218,1.0320112230316754,83,NOVEL
158495042,False,39.128791797229525,0.02,0.0005111325722409881,False,0.0502389674812331,56.88501280109332,0.00045732582649038456,0.4033607373349396,0.009103010062084175,42,(no F4 verdict)
159809844,False,36.485132485620696,0.02,0.0005481684904908125,False,0.2473556179718435,100.65463848078056,,,,2,(no F4 verdict)
160130060,True,3.105666960115145,0.084,0.027047330276806513,False,0.0591262341718899,67.71893756567215,0.04479601819103407,20.493820231900976,0.7576335414970709,31,NOVEL
162965799,False,12.39791504886902,0.02,0.0016131744669297817,False,0.4443280017703233,8.386653084264216,,,,2,(no F4 verdict)
163249597,False,11.37644927544914,0.244,0.02144781680928885,False,0.0200041537454198,40.554467489902464,0.028194302325869725,47.49961895514923,1.4094223972021391,21,(no F4 verdict)
174089663,False,13.075647318176308,0.244,0.01866064402492857,False,0.9087035890324552,16352.492428611922,0.658015927807551,811.6763072845106,0.7241260359807487,5,(no F4 verdict)
176255016,False,1.4624768501578065,0.17,0.11624115621498994,False,0.0008919095237272,5.529223947245142,0.0008617968899992112,4.827396874962746,0.9662380175041173,607,(no F4 verdict)
180251856,True,0.7971737029752178,0.5,0.627215872944499,True,0.3553404724016088,3428.1606807267453,9.456185858569555e-05,0.7738194319530897,0.00026611620665270276,8205,NOVEL
180448842,False,17.28146641227578,0.084,0.004860698623372096,False,0.949780417916297,1786.529060090075,0.6728081693218733,77.17111431502762,0.7083828605331038,17,(no F4 verdict)
181674559,False,12.646192909357262,0.35,0.02767631353630747,False,0.0176938294220446,95.46409131112158,0.020395130685163188,70.61940117358822,1.1526691141123504,12,(no F4 verdict)
183517039,False,27.746930678359075,0.058,0.0020903212925542244,False,0.112959295923933,497.2017183595242,0.0005465253082711508,1.7259906274752368,0.0048382499536751885,33,(no F4 verdict)
183663600,False,11.406750013682986,0.244,0.02139084311546316,False,0.5757122554319484,2292.031361283964,0.39529486788922785,383.69791905721627,0.6866188172295272,22,(no F4 verdict)
185326770,False,11.10680032000544,0.17,0.015305938263227617,False,0.0110355530024694,45.64714416665394,0.010383081986995446,23.764882970728777,0.9408755487533835,16,(no F4 verdict)
186143099,False,8.886946384130523,0.244,0.027456000008699542,False,0.01565437879027,37.37329643019794,0.011958002781005006,18.56383200040963,0.7638759059821345,23,(no F4 verdict)
192855782,False,8.988830716776237,0.02,0.002224983496760391,False,0.1986684025073489,308.7279850109513,0.14903473930125155,94.50593745083691,0.7501683076942174,4,(no F4 verdict)
193621561,False,31.43571270680635,0.02,0.0006362190730821151,False,0.0545342376959744,46.95462473403977,0.0027555411845709976,1.658344941486941,0.05052864587441378,32,(no F4 verdict)
196227720,False,1.4883802986133408,0.17,0.11421812030055868,False,0.6172539850338207,512.8958396205967,0.5968343274298151,600.0072725349547,0.9669185487674304,6888,(no F4 verdict)
19938261,True,2.320534793072512,0.084,0.036198552269401454,False,0.0648366854418897,139.4451713677607,0.06418254553966929,101.27341534495012,0.9899109601645709,37,KNOWN_OTHER_TYPE
203279104,True,1.2344142866893872,0.12,0.09721209588543535,False,0.0002040231467662,32.51581597281258,0.00020510031645415427,16.680232466137337,1.005279644515966,1051,NOVEL
207754858,True,10.197636246489369,0.5,0.0490309703066855,True,0.0028047412999111,14.044313028566512,0.003000760821977755,7.460377113103576,1.0698886282570401,60,NOVEL
20817046,False,34.565710956072174,0.17,0.004918168766036506,False,0.0125470093082739,451.7485378844294,0.012109465030610722,227.9630908652188,0.9651276039641855,55,(no F4 verdict)
208358448,True,1.678437364059726,0.058,0.034555951411682294,False,0.0150610035627843,118.66098785556149,0.014276602272859096,22.523035337399527,0.9479183915829184,36,NOVEL
216742782,True,0.7469937358724879,0.5,0.6693496558120404,True,0.0552159548770205,372.8712104826228,0.0012431332435061115,9.104606026355244,0.022514022374056097,15555,NOVEL
218210390,False,5.861125919430378,0.02,0.0034123136535417972,False,0.9457436015672732,3031.0617876838323,,,,1,(no F4 verdict)
220148279,True,3.6427614196385134,0.12,0.0329420420873756,False,0.0156983523137653,35.864218316498786,0.014044822311042204,27.145207255546694,0.8946685633196563,30,NOVEL
220426670,False,8.196554006756898,0.058,0.007076144432426995,False,0.0002291782950852,7.765631846859386,0.000252651105314472,6.22227721037154,1.102421611176336,126,(no F4 verdict)
220477788,False,38.96811060882317,0.028,0.0007185362482947848,False,0.0847187679709254,260.38844201015627,0.0014614640544797775,2.4498778689996237,0.017250770867930195,6,(no F4 verdict)
22206966,True,0.9696575722928584,0.5,0.5156459499591148,True,0.1033277556700596,1334.6957351976762,0.0,0.0,0.0,16760,NOVEL
222712042,False,12.97062575807237,0.058,0.0044716423927275255,False,0.6214006858942694,2324.2889598626966,0.010650682124177635,6.150125319933461,0.017139797824410247,34,(no F4 verdict)
224291351,False,7.35270073266907,0.084,0.011424373581094677,False,0.0008858043235262,7.006744920044169,0.000901830634527645,5.861848974375281,1.0180923829064727,72,(no F4 verdict)
224650490,False,36.28550255704379,0.02,0.0005511843185459084,False,0.7687030735794195,207.8617558101052,,,,1,(no F4 verdict)
224835221,False,13.01948316151508,0.5,0.03840398223164297,True,0.2367608713822854,534.7642647858181,0.2621722447801238,235.23734795239517,1.1073292780579775,31,(no F4 verdict)
229497968,False,2.7827267181637985,0.5,0.1796798789965004,True,0.0010372478422913,86.92259819145089,0.0,0.0,0.0,43399,(no F4 verdict)
229685062,False,17.055399917576104,0.084,0.00492512637674567,False,0.0002975777415241,6.691226660831463,0.0002752044136822285,4.986383074646987,0.9248151836650069,870,(no F4 verdict)
230270636,False,37.62352860583575,0.17,0.004518449127433291,False,0.8000343988061034,340.72714231932963,0.8023509646710705,183.83052510508188,1.0028955828254686,6,(no F4 verdict)
230275619,True,3.1561343130066786,0.35,0.11089515378278496,False,0.0004485323326751,11.45843335931336,0.0004599312904225439,9.48866038434424,1.0254139042317398,979,NOVEL
230279486,False,35.36177465990205,0.244,0.006900106183773635,False,0.8426186010751767,1037.5049145258024,0.8362020249882158,1476.5559369455175,0.9923849579409079,97,(no F4 verdict)
231260455,True,1.1126977080058151,0.084,0.07549220187623593,False,0.0884634213696254,109.0356776339106,0.0932711240449634,34.61187085251201,1.0543467865124734,89,NOVEL
231528689,True,0.9982346139930548,0.5,0.5008842540532047,True,0.0059654752578635,39.72760695066743,0.0011878797872207913,8.678744296810768,0.19912575878258248,413,NOVEL
23259249,True,3.9740155961235786,0.17,0.04277788948936817,False,0.0391535931649554,59.74630065357756,0.03464021774227066,31.05123831716664,0.8847264054752336,42,NOVEL
233415701,True,5.271641732651179,0.12,0.02276330716041479,False,0.0100988652846398,63.155952515957104,0.010299394461177558,54.694593174929445,1.019856604765563,3568,KNOWN_TOI
234073743,True,0.6569964840177932,0.5,0.7610390803650917,True,0.0059659671323567,70.96809870151829,1.574106770951822e-05,0.2709543701251679,0.002638477108622642,681,NOVEL
235555541,False,36.295458061920165,0.02,0.0005510331338394996,False,0.0033559458610449,5.551600874089802,0.003269632683861823,5.578462320507732,0.9742805215706899,16,(no F4 verdict)
236345227,False,1.1122131404079842,0.35,0.31468788425895805,False,0.0004253667995274,6.147177636403451,0.00035351178445264253,5.489075446878073,0.8310751681734649,1904,(no F4 verdict)
236791479,False,1.908332644562177,0.5,0.2620088281908071,True,0.004326585694581,120.19536433280776,0.0,0.0,0.0,57537,(no F4 verdict)
237094240,False,27.114852828844,0.17,0.006269626505925893,False,0.0015812369243479,5.335920121043482,0.0016757005657308532,4.743025835839775,1.0597403462620947,41,(no F4 verdict)
237115819,True,14.79205908513923,0.084,0.005678722584632602,False,0.088832292054031,506.9717837496276,0.10933547609242389,413.99870969774673,1.2308077790666723,1454,NOVEL
237513289,False,10.793754679199491,0.04,0.0037058466853136375,False,0.1352339343886592,89.88772903193895,0.13542161684350562,42.17020317016034,1.0013878354992396,4,(no F4 verdict)
239187638,False,1.5031520932391806,0.5,0.3326343370367381,True,0.0499076336971367,70.55174662849468,0.0,0.0,0.0,11017,(no F4 verdict)
239727049,False,39.40887695346817,0.028,0.0007104998204607773,False,0.5848994994101193,181.18479301450336,0.5674520098971717,169.77410935661706,0.9701701069490678,10,(no F4 verdict)
239757265,False,2.606846233162138,0.12,0.04603263455798022,False,0.0287836701602219,106.05171174154592,0.030073865974947767,82.34633311913494,1.0448238813029784,2347,(no F4 verdict)
240959751,False,16.02131490305511,0.244,0.015229711261306745,False,0.0884534068162947,172.31256186522478,0.08861529616448138,147.27095147165116,1.0018302217406154,421,(no F4 verdict)
24130394,False,13.239898873645435,0.028,0.0021148197782488473,False,0.936628873114494,223.75108344087167,,,,2,(no F4 verdict)
241818542,False,13.523083206336189,0.244,0.018043222560789593,False,0.1409634205984407,167.1731491735577,0.1408218602912904,202.11504753420098,0.9989957656635365,10,(no F4 verdict)
24622856,False,14.742099680697546,0.02,0.0013566588500406658,False,0.3301189840729903,70.39804477637023,,,,1,(no F4 verdict)
247647672,False,12.852579385439675,0.17,0.013226916940313803,False,0.0187572190168252,86.59405503859625,0.01924904072899758,13.434757110994504,1.0262203960902316,17,(no F4 verdict)
250630820,True,1.132055270127599,0.12,0.10600189157414042,False,0.0242731388705002,321.75923440785914,0.026432017608704284,11.778868111121868,1.0889410615463428,106,KNOWN_OTHER_TYPE
250684958,False,31.212294096949645,0.02,0.0006407731497683981,False,0.5918714748368432,138.30113337759593,0.5157658504631091,95.40326120071065,0.8714152859035593,8,(no F4 verdict)
251903236,False,6.7929295091561945,0.02,0.0029442378244970723,False,0.3435347580887695,1550.557443490405,0.07997597520759092,42.394257856607325,0.2328031540462788,7,(no F4 verdict)
253168781,True,3.7402726304851774,0.35,0.09357606639348079,False,0.0081922718239505,54.98500105540781,0.007767200745262048,20.83646600047997,0.9481131622798774,100,NOVEL
255964136,False,13.408540527141673,0.35,0.02610276631461323,False,0.1586651527356042,45.46916585389409,0.26054532484694104,166.9350772077559,1.6421080517982896,13,(no F4 verdict)
257287171,False,16.0055691855875,0.17,0.01062130299952591,False,0.053062319122923,101.53763104992277,0.056076647045238515,74.47740535873763,1.0568073158531308,8,(no F4 verdict)
258270250,False,10.183102239238249,0.12,0.011784228143915469,False,0.0148163796910842,39.91656368102682,0.019810645585169206,41.73628234869783,1.337077342658161,689,(no F4 verdict)
258329752,False,27.460432810055384,0.02,0.0007283206400401838,False,0.0762670698057067,45.63112141356409,,,,1,(no F4 verdict)
262775292,False,13.212550934934216,0.244,0.018467289261671623,False,0.1591196035549258,348.5880589484313,0.20548163919432527,164.04412557559263,1.2913659574534821,14,(no F4 verdict)
264273483,False,12.935919141561657,0.12,0.009276495832016564,False,0.7644868215946704,1575.392960410604,0.5263060382860923,146.31422103572632,0.6884435721053396,5,(no F4 verdict)
264324043,False,2.2083431728504856,0.17,0.076980789077527,False,0.0720706816170205,1443.325685206794,0.07506683225159771,1038.7076883737602,1.0415723920927873,582,(no F4 verdict)
265527807,False,7.801922027070802,0.058,0.007434065580090891,False,0.0407479561975102,27.911876808905102,0.04691440543347947,14.3075702083267,1.1513314976113098,8,(no F4 verdict)
267600122,False,27.80346441582189,0.02,0.00071933481744882,False,0.1880411361718758,59.6280909432986,,,,2,(no F4 verdict)
269665647,False,4.074498151305486,0.058,0.014234881903533707,False,0.0165157997773379,124.31889513919242,0.01822510311410397,99.910979251275,1.1034950386787494,2841,(no F4 verdict)
273015082,False,13.482479612676196,0.12,0.008900439937411533,False,0.1535089277690036,280.43108431496285,0.1510115984868513,153.05491185066262,0.9837317000486759,6,(no F4 verdict)
273158289,True,1.151882938585293,0.084,0.07292407690591043,False,0.0125462734332341,41.26919130495207,0.012870011803881143,28.602268392843794,1.0258035481507588,78,NOVEL
273854781,False,32.76523890121557,0.5,0.01526007490766229,True,0.7698855633982807,397.1300887123186,0.7986230238883123,491.9425522069103,1.0373269247486394,125,(no F4 verdict)
278127716,False,12.85619574211514,0.058,0.004511443444346443,False,0.4190359911117416,119.80390760967995,0.46723995327924406,102.59961002365206,1.1150353745023496,3,(no F4 verdict)
278233128,True,33.59348122668497,0.02,0.0005953536004512985,False,0.2504616924293998,156.38205599887652,0.294415579578006,132.5904139631511,1.175491456287256,15,KNOWN_OTHER_TYPE
279166510,False,7.165767549235426,0.12,0.01674628700631013,False,0.0630274796992748,104.0430681730248,0.07413000979773321,99.37437418939912,1.176153800714106,1039,(no F4 verdict)
280490331,True,0.8410679861139274,0.5,0.5944822633306984,True,0.0034386938031689,51.0384641472636,0.00010146625826612521,1.5598887021029784,0.029507209444650122,1295,NOVEL
281176866,False,13.126752497722798,0.244,0.018587994253897042,False,0.239763684042996,257.73780992699034,0.24681467974956395,229.78735938198975,1.0294081054631423,13,(no F4 verdict)
281286325,True,17.01801073242722,0.12,0.007051352939350556,False,0.0066087982330431,12.934877501170693,0.006881094941585841,11.958559361406573,1.0412021518800942,345,KNOWN_TOI
282345650,True,27.09254689624314,0.12,0.004429262426288911,False,0.3511603424632393,1235.8258851333342,0.8051169624181648,2602.1468631717266,2.292733162209076,94,KNOWN_OTHER_TYPE
285526589,False,24.1864149537958,0.35,0.014470933400779647,False,0.0527109149115445,101.44743967593966,0.05651806242575008,72.91618706770213,1.0722269291017705,31,(no F4 verdict)
287846593,True,1.7622511272952033,0.084,0.047666305158747535,False,0.0846077443033173,3076.457002581413,0.08935547057098836,99.0308235778364,1.0561145590958028,46,NOVEL
289799635,False,12.365231758167017,0.5,0.04043595864426551,True,0.1022610766294117,114.64952136613668,0.10266946961350132,103.43429367036818,1.0039936307884731,13,(no F4 verdict)
290296164,False,17.51667459454205,0.02,0.0011417692263480032,False,0.0602778791873909,45.0072946964056,,,,2,(no F4 verdict)
290342817,False,13.437707144898448,0.084,0.006251066427793833,False,0.8314975052379874,528.3671668251556,0.8176026514655019,91.44499704382112,0.9832893620426335,5,(no F4 verdict)
290958279,True,7.689500551692346,0.35,0.045516610298307364,False,0.0018865004910181,15.351218303213598,0.0016237401395648998,6.476646329838669,0.8607154608735911,60,NOVEL
29216744,True,1.108326864407436,0.35,0.31579131683966405,False,0.0451810713037801,141.48774443607496,0.04233555037707237,39.264847198367114,0.9370196224968739,614,KNOWN_OTHER_TYPE
294657132,False,13.604416399747576,0.12,0.008820665030675372,False,0.6008258913315335,1400.942462709709,0.5596688519856656,981.272198663362,0.9314992247510226,11,(no F4 verdict)
294852916,True,2.546779832363934,0.244,0.09580726095726852,False,0.0144593405933424,357.39540457810057,0.01476626426165284,85.06221369498391,1.0212266711838682,209,NOVEL
29495157,True,5.147448543522719,0.17,0.03302607079266857,False,0.0857856252931797,333.23644002774006,0.09003528558932472,86.0129619933826,1.0495381397713364,33,NOVEL
295338154,False,13.471401980216829,0.084,0.006235431184026474,False,0.062870941947925,34.6473928754861,0.06649762509674195,37.79880375510133,1.057684568362613,4,(no F4 verdict)
296463994,False,31.43571270680635,0.02,0.0006362190730821151,False,0.1000612810079596,62.954519728177765,0.001939037061887694,0.9160189101944454,0.01937849528164095,32,(no F4 verdict)
298215657,True,3.0975897908114414,0.17,0.05488137922725623,False,0.0036197085661879,16.34983997169683,0.00346242485919257,11.183092658671129,0.9565479639812623,66,NOVEL
303470667,True,5.431909907725591,0.12,0.022091677151958786,False,0.0221977249554096,56.9755696599801,0.02286963328677638,38.62829264950972,1.0302692430290266,22,NOVEL
304809821,True,0.7697173295530879,0.244,0.3169994888145118,False,0.0372732709724049,127.16795161523324,0.035742087236598885,60.78713495095075,0.9589200599824036,705,KNOWN_OTHER_TYPE
304889252,True,0.7932578257742319,0.058,0.07311620272184659,False,0.0567387241544411,230.28107172110185,0.05875095301709932,26.134749085292725,1.0354648239389554,160,NOVEL
305125669,False,13.096331481390113,0.17,0.01298073435614928,False,0.0666172108783834,46.08192796415116,0.0675785556492422,45.167476818688456,1.0144308769187864,7,(no F4 verdict)
307031606,False,9.583693586425822,0.028,0.0029216293016357197,False,0.2223921971180734,79.13987366279305,,,,2,(no F4 verdict)
307392778,True,0.7255038097101628,0.5,0.6891762569789246,True,0.0071891283509764,16.17337203871759,0.0006908899270374746,2.6131018144990485,0.09610204371210601,730,NOVEL
308474943,True,0.924775362960116,0.5,0.540671843159347,True,0.0074660606548438,40.80263896573244,0.00282912191055662,11.58219225404907,0.37893101078962627,569,NOVEL
308626100,False,13.177119891004605,0.058,0.004401568816232283,False,0.0517924784132097,55.66168865153639,0.054109443607642804,32.50714589045389,1.0447355536058334,3,(no F4 verdict)
309240602,True,4.119454357700242,0.17,0.04126760129827133,False,0.0706914616810379,234.36121843983744,0.11099650876056344,296.37949334172424,1.5701543881124311,561,NOVEL
309672362,True,1.8162914726229744,0.12,0.06606869096109531,False,0.0041137198726922,23.285909148859467,0.004422906179683217,15.506787598752966,1.0751597864121634,76,NOVEL
309674872,False,12.999681787077638,0.5,0.03846247994293415,True,0.006264440771713,23.909567294830868,0.0066504213949916124,12.882510281933284,1.061614537888442,29,(no F4 verdict)
311062286,False,8.18999306664917,0.17,0.020757038329161044,False,0.2806851497905542,586.1230435058791,0.3393676860054725,542.2778253236908,1.2090689025005665,347,(no F4 verdict)
31123635,False,13.10466008998574,0.35,0.026708056340008498,False,0.015788331093626,397.42375819238623,0.015091397485470726,32.728333977655744,0.9558576771653442,18,(no F4 verdict)
313356920,True,3.335965931423492,0.5,0.14988162657483875,True,0.0084937860584415,52.94050393866905,0.007393075513091207,24.327446649300686,0.870409904631827,504,KNOWN_OTHER_TYPE
313569577,True,0.9025875981330648,0.084,0.09306575912825275,False,0.0167141688738997,205.25053185791583,0.018102186243385,36.64178955811549,1.083044354760157,98,NOVEL
313705269,False,6.59526893567919,0.058,0.008794182703639375,False,0.00107739873224,5.3785169652356055,0.0009976273303056171,4.602038163686666,0.9259592576570685,126,(no F4 verdict)
315118781,False,11.802502302988175,0.02,0.0016945559074312885,False,0.1253629321292222,68.50200485826466,,,,1,(no F4 verdict)
315702957,False,27.03281039950611,0.5,0.018496042128462342,True,0.3326540766246921,186.5203925948285,0.32941599481063033,233.66360200076798,0.9902659187378153,18,(no F4 verdict)
316236490,False,27.005968408264383,0.5,0.0185144258647281,True,0.3101566421508562,178.19433503559475,0.32115403003454235,234.52724842389134,1.0354575281942122,18,(no F4 verdict)
31717527,True,8.111361712496553,0.17,0.020958256582010646,False,0.0008619339528429,19.57044119117101,0.0007396036978348786,6.893878618815617,0.8580746765984308,221,NOVEL
317336819,False,7.302141466550282,0.02,0.0027389225601306393,False,0.4628577480248967,133.26531935742534,,,,1,(no F4 verdict)
318916172,False,13.158622594806436,0.058,0.00440775617524679,False,0.2999955288731703,234.7739221547004,0.3123135842985604,261.6893289919308,1.0410607967113996,3,(no F4 verdict)
318928219,True,2.7149268133440856,0.17,0.0626167892130411,False,0.0418325279225744,383.1461845522305,0.04458572293968466,67.76216708836618,1.06581469382405,70,NOVEL
319184580,False,1.3351644703740522,0.12,0.08987656776575359,False,0.0140917906566432,207.0856077202972,0.013672113851563195,175.5676721726501,0.9702183480222111,4392,(no F4 verdict)
319485583,False,27.201624386212394,0.12,0.00441150125066884,False,0.345598921875944,262.0295064983462,0.3527750728018155,189.4951622072227,1.0207643903717023,6,(no F4 verdict)
319926294,False,12.11792908887081,0.058,0.004786296369176447,False,0.084482575752961,82.0821179901442,0.0875327947878588,19.212416894764413,1.036104711624999,6,(no F4 verdict)
320474615,True,4.584394125843311,0.244,0.05322404516324511,False,0.0154674647474779,21.722492785169344,0.010630077976826469,12.884416417036226,0.6872540620181334,43,NOVEL
323775614,False,14.106123751470804,0.35,0.02481191900528354,False,0.5513851305924645,433.8340059915962,0.6187225965109291,218.33111853695937,1.1221241962874666,18,(no F4 verdict)
323961620,True,1.5750813413094311,0.084,0.053330579060867606,False,0.0043311300626525,61.19139479354838,0.0026293063273892248,17.692031747730145,0.607071662442519,108,NOVEL
326260517,True,35.206903038374826,0.02,0.0005680704144354986,False,0.0198235021591427,91.15218078202749,0.000194985980848994,0.6473450884813334,0.009836101576989284,118,NOVEL
329691265,False,7.311956370058054,0.02,0.0027352460802280757,False,0.1071903145220803,112.92404519980252,,,,2,(no F4 verdict)
329832608,True,13.945488523013434,0.5,0.03585388917533286,True,0.0396381064565958,386.2556267008232,0.029374067628593625,157.08019703027708,0.7410562777704475,49,NOVEL
330234939,False,13.386822455766584,0.5,0.03735016294211156,True,0.2201183314628002,39.4340615348187,0.22777082596277254,136.25189614948695,1.0347653666512806,44,(no F4 verdict)
330901906,True,3.732068126022025,0.244,0.06537929956280761,False,0.0049831981812006,60.09782681820708,0.005921597272279588,58.61620181131445,1.188312617109862,2373,NOVEL
33091659,True,0.8148588033465871,0.5,0.6136032376977745,True,0.0022994902557711,75.17649863455252,0.00026508560359206346,3.898403526552043,0.11528015956004603,655,KNOWN_OTHER_TYPE
331023501,False,27.52922125650633,0.5,0.01816251885010473,True,0.7270180951111554,1227.5979529740605,0.7382387568036679,1223.2967030662132,1.015433813501983,10,(no F4 verdict)
332950091,False,12.52201840032675,0.244,0.019485676525889232,False,0.078382743606735,49.134847486744064,0.12051590031872161,58.46818669617657,1.5375310275355856,23,(no F4 verdict)
333584947,False,27.89193182635114,0.028,0.0010038745316861403,False,0.7078190212567409,539.4235872885062,0.7145194637639392,332.1280326794918,1.009466321624561,12,(no F4 verdict)
333745611,False,13.419642990112909,0.5,0.03725881533274628,True,0.1527860209056824,698.5331942374071,0.15064197121579892,160.94895796497428,0.9859669773636748,28,(no F4 verdict)
335026399,False,24.639259461734397,0.5,0.020292817678896433,True,0.3782158505973413,25.86149162608561,0.3927052325871907,43.8051238111253,1.0383098222006437,25,(no F4 verdict)
335217393,False,33.73200065710837,0.04,0.0011858175981498081,False,0.5713247852951269,187.59315578374645,0.5840632609611217,135.77046238807594,1.022296382012229,14,(no F4 verdict)
335504077,False,6.331854272932564,0.04,0.006317264781502025,False,0.000227646386616,9.16573422570977,0.0002451110061958417,7.251573456026342,1.0767181936838799,376,(no F4 verdict)
338100526,False,10.36589136790776,0.02,0.0019294047458300518,False,0.9385738069593744,1528.9645322905542,0.6249834762924296,13.472615952338254,0.6658863391011737,3,(no F4 verdict)
34044618,False,12.959199189643147,0.35,0.027007841678960857,False,0.0602078056855171,160.00626527378307,0.06433749358272056,64.75156060923628,1.068590573102332,22,(no F4 verdict)
341194762,False,33.44706829871666,0.35,0.0104642953120477,False,0.0327620934161151,329.7035151615128,0.03468768104929443,91.9082197397337,1.0587748654740166,17,(no F4 verdict)
341355560,False,6.474126647657943,0.17,0.02625836800111079,False,0.0005400956551672,6.715163777907949,0.0004357055260488796,4.06583835656117,0.8067191836860753,244,(no F4 verdict)
341797047,False,33.87109125883954,0.244,0.007203783253848423,False,0.0411909934028201,162.20313656599106,0.03928549531968828,109.03033469465849,0.9537399337642253,11,(no F4 verdict)
342315249,False,0.704596202535474,0.12,0.17031031329459714,False,0.0001583377505233,15.361591251280329,0.00011230363851877367,8.749074956710505,0.7092663508709364,7697,(no F4 verdict)
342332744,False,2.112782270832816,0.5,0.23665476888108786,True,0.5013151413294927,318.43121218002176,0.24208219294568623,468.59903663527615,0.48289423755221483,2871,(no F4 verdict)
343034455,True,3.110793937829511,0.12,0.03857536127376132,False,0.0398908938207056,27.58901255002687,0.041650688428702454,18.239277408658985,1.044115196212611,30,NOVEL
348337110,False,13.471001942144085,0.5,0.03711676400518865,True,0.8504181927891795,1544.0107388521535,0.7646358592312037,154.76837132096273,0.8991292351394445,7,(no F4 verdict)
348901745,False,12.261419899662956,0.17,0.013864625907206147,False,0.5661649264530333,299.40436440637006,0.3609588537208873,123.18510423601332,0.6375507150933183,9,(no F4 verdict)
349477745,False,17.196342444120997,0.17,0.009885823136658853,False,0.0003309869248972,6.169974857747184,0.0002740860503103182,4.037810070601816,0.8280872436137637,486,(no F4 verdict)
349482650,False,39.20400292627966,0.02,0.0005101519872245847,False,0.0013921728515492,5.847212155792774,0.0013545019154553861,4.438557055869064,0.97294090597163,31,(no F4 verdict)
349697123,False,36.74629424306976,0.02,0.0005442725698461945,False,0.5584668922226309,228.96651506189264,0.4313949399398447,64.68230688509819,0.7724628728176612,6,(no F4 verdict)
350477886,False,2.1769122482150984,0.084,0.038586764381005056,False,0.1274424669733152,989.5363362875672,0.1212346041828486,188.14772531859114,0.9512888997058848,520,(no F4 verdict)
3516691,True,0.9593438431486404,0.12,0.12508549552593234,False,0.0133155272651564,50.16086867429706,0.011890880990866659,31.86518221637978,0.8930086472792028,244,NOVEL
355228225,False,21.937504759097628,0.02,0.0009116807139018793,False,0.2777567912755128,233.7458239772042,,,,1,(no F4 verdict)
355981677,True,0.7965179110001707,0.17,0.21342897335043554,False,0.2060720588114488,1389.5016789767071,0.0156443019542456,34.544926393662934,0.07591665771903496,5576,NOVEL
356056529,False,30.284497511065265,0.02,0.0006604038912216541,False,0.6748688270246139,322.2759843226847,,,,2,(no F4 verdict)
356064919,False,1.8602620596259092,0.35,0.18814553475889492,False,0.0001775198423256,5.6570132216640525,0.00015440872043426257,5.038668799848654,0.8698110499166177,804,(no F4 verdict)
356276681,False,25.185976362601277,0.084,0.0033351893446835687,False,0.8016801760164859,488.21116444334245,0.7234853560492353,40.46173697052447,0.9024613277132568,6,(no F4 verdict)
356451290,False,37.892839039503656,0.02,0.0005278042106887216,False,0.1050055069824058,39.0315670113942,,,,2,(no F4 verdict)
356499723,False,38.22694584498643,0.02,0.0005231911563403921,False,0.5780927531441253,94.2936815045938,,,,1,(no F4 verdict)
35727587,True,0.7470882998160427,0.35,0.4684854522366115,False,0.0019910663231604,58.19149981825976,0.0019194099131708553,20.548654247919455,0.9640110381276475,503,NOVEL
358453926,False,24.482688363802204,0.02,0.0008169037526765286,False,0.0582950969510211,95.22760153490148,,,,1,(no F4 verdict)
35877600,False,13.148618490153147,0.17,0.012929114958146448,False,0.2086174386132887,213.40166591581175,0.2642355239990777,133.31604281930984,1.266603241586565,10,(no F4 verdict)
358892555,False,37.78903071990725,0.028,0.0007409557606157283,False,0.8310663658090868,242.4334386030218,0.890385117374279,124.16147053147019,1.0713766721956581,3,(no F4 verdict)
360124630,False,13.136559401720016,0.028,0.002131456125135312,False,0.7820041704985667,1383.9106426330072,,,,2,(no F4 verdict)
361568408,False,13.94227922451276,0.5,0.03586214218984511,True,0.0538738594587026,36.91400708359609,0.0577154033653311,23.68865271821653,1.071306268851469,29,(no F4 verdict)
362115607,True,0.8076008601229427,0.17,0.2105000234572813,False,0.0331508678066683,100.58679309436036,0.03214450855363826,45.20071732369477,0.9696430495002725,240,KNOWN_OTHER_TYPE
363736935,False,34.4426599277983,0.244,0.0070842379918244994,False,0.4682653389987663,545.033340941395,0.23844917387515718,132.17102998099932,0.5092180736353527,43,(no F4 verdict)
366004177,False,10.948481857023287,0.02,0.0018267372829567508,False,0.1051669989048205,165.39284911038473,,,,1,(no F4 verdict)
366749440,True,20.49675969432868,0.244,0.011904320665256821,False,0.0004139979884085,19.208539822537823,0.0004297116749789609,12.852472226303645,1.0379559490877426,243,NOVEL
366812186,False,39.69096696830685,0.12,0.003023357936727007,False,0.6695250579330507,384.0553610329567,0.7381698801164787,370.21950302149236,1.1025276371213757,30,(no F4 verdict)
367167782,False,36.08696491197163,0.35,0.009698792925749477,False,0.1402447141763026,349.4834338612524,0.010818320852739705,27.48728209365561,0.07713888481486667,298,(no F4 verdict)
367301645,False,13.1024876265686,0.12,0.009158566176141218,False,0.4167948674570574,2393.98343327864,0.6497867221091493,1272.880668736489,1.5590084543833718,18,(no F4 verdict)
367854604,True,39.49545968161949,0.5,0.01265968301244235,True,0.0452603143421581,72.80072878593835,0.00485263107260081,5.999870125627992,0.10721602673627006,2408,NOVEL
370596397,False,31.152414704437305,0.12,0.003852028843944074,False,0.6799402147923124,1022.8731935014174,0.7699744638380515,929.1274428652424,1.13241494926615,46,(no F4 verdict)
373702198,False,7.364592006932559,0.058,0.007875521134830346,False,0.0016441689625193,5.960830440076576,0.001515207710688693,4.345059621654034,0.9215644773922721,37,(no F4 verdict)
374042630,False,0.8277039772179968,0.5,0.6040807024759678,True,0.0327806670162593,78.29809163412139,0.0009980841527512663,3.366140963723482,0.030447341179977022,21718,(no F4 verdict)
374139336,False,23.893735625571438,0.12,0.005022236869130425,False,0.012475499204898,26.14095541379334,0.015973546719862508,25.984078649405962,1.2803933900770192,266,(no F4 verdict)
374684661,True,0.6660762713823981,0.5,0.7506647834222985,True,0.0025788420574723,93.09124829753148,0.00017880739753928232,3.127839027701845,0.06933631201693047,823,NOVEL
375578998,False,23.76951980871455,0.02,0.0008414137164297051,False,0.8623848876735436,2387.2819413062543,0.8345916076634341,175.6365691731806,0.9677716059182259,3,(no F4 verdict)
376023348,False,39.15026595573807,0.084,0.0021455792942752286,False,0.0842015043601365,140.39517415074027,0.0030575816646851717,4.166850829937708,0.036312672652588876,151,(no F4 verdict)
376797272,False,2.995021047644369,0.02,0.006677749398699657,False,0.0015040494125182,5.077809833373895,0.0009525298755431733,2.5472592087308574,0.6333102274534793,93,(no F4 verdict)
378067576,True,1.1061276196860994,0.17,0.15368931846059786,False,0.0604560919642945,91.20615401682365,0.07229708246833133,123.24248165628636,1.1958609979459165,3657,NOVEL
378267838,False,0.7269795151859951,0.17,0.2338442782070773,False,0.0355349758625007,528.1196932056989,0.011073054183655562,53.60947849626278,0.3116100099941455,14919,(no F4 verdict)
378373317,False,28.722781569783336,0.35,0.012185449349661998,False,0.2148573548181129,10.81767969074317,0.2769275996949988,71.41466264898469,1.288890482382748,17,(no F4 verdict)
381979036,False,39.22551836118936,0.02,0.0005098721657631035,False,0.9395434853682958,3139.458740067585,,,,2,(no F4 verdict)
382024699,False,13.418852108122348,0.5,0.03726101129748297,True,0.0347735445800838,607.6984086905642,0.03658567392269174,40.18002227489291,1.052112298717049,14,(no F4 verdict)
383076940,False,0.7803467599286892,0.5,0.6407407907296133,True,0.0193784812452744,6.060059591549581,0.0008917927430061034,1.9994922068930017,0.046019743844661426,677,(no F4 verdict)
383287519,False,14.604645018607297,0.02,0.0013694273277110576,False,0.2382637434186855,128.55467705062526,,,,1,(no F4 verdict)
383290559,False,17.52305250925403,0.02,0.0011413536533910335,False,0.1290252130449078,142.8327543486316,,,,2,(no F4 verdict)
383767904,False,2.483105816834534,0.084,0.0338286026437179,False,0.0267497020866022,94.2076314686352,0.02709436285228306,41.56829704468878,1.0128846581006778,36,(no F4 verdict)
385172967,False,24.609672510486124,0.028,0.0011377640229901177,False,0.8180755300171232,9510.075397711358,0.705828182396721,636.696430981171,0.8627909728359033,4,(no F4 verdict)
385450616,False,39.44132321097826,0.028,0.0007099153304320775,False,0.470561832872199,181.15262526938892,0.5904492227346212,260.12595261116263,1.2547749976462343,12,(no F4 verdict)
386140833,True,0.7691852445569397,0.5,0.6500384706261575,True,0.0064138130561365,118.00075746902048,0.00022048937020680004,3.71403849874731,0.03437726798036995,697,NOVEL
386206443,True,7.328388787150551,0.244,0.033295176755336,False,0.0170532460434892,27.31876969950387,0.013504049010524377,15.923364525939887,0.7918755746610553,35,KNOWN_OTHER_TYPE
386512970,False,6.344294148702446,0.02,0.0031524389524231725,False,0.0391437544589236,29.756000612954058,,,,2,(no F4 verdict)
386850204,False,12.397480330712613,0.028,0.002258523446142104,False,0.3986804338499348,428.7618629357579,,,,2,(no F4 verdict)
387142107,True,1.7165187147790577,0.084,0.048936256433890435,False,0.0457525891663695,184.35170617405257,0.04616386557291563,132.56339619683902,1.0089891395009496,47,NOVEL
393915029,True,1.070044418708319,0.5,0.4672703219213687,True,0.0070007511246639,46.67646424307991,0.00038686345558125446,2.5979010829589946,0.05526027831761087,372,NOVEL
393920926,False,12.271617297366229,0.12,0.009778662183814579,False,0.1819766556328168,240.75331792636857,0.20158018126333976,213.77678407165592,1.107725496780631,7,(no F4 verdict)
394083846,False,13.294117986920307,0.058,0.00436283174687215,False,0.0131563991521368,7.641406792444247,0.011234303721804229,5.097474302904329,0.8539041413911196,7,(no F4 verdict)
394085020,True,0.7152064916664156,0.058,0.08109546078764088,False,0.0181221086783018,60.45959917531625,0.019702349933615415,7.545297809984485,1.087199634621201,93,KNOWN_OTHER_TYPE
394420407,True,26.2727925718536,0.04,0.001522487565438801,False,0.5223103091295546,446.6717517043114,0.5809634294341731,262.7012842605485,1.1122955440078632,34,KNOWN_OTHER_TYPE
3959001,False,1.4607847976370167,0.04,0.02738254126460276,False,0.0031674976347585,3.947938072094731,0.0036001091029608245,5.008573863520411,1.1365783082061585,23,(no F4 verdict)
397004767,False,36.03750046891315,0.02,0.0005549774468196678,False,0.3076162908273533,117.9367705337908,,,,1,(no F4 verdict)
398499986,False,26.98577976090201,0.5,0.01852827690843377,True,0.892098834080782,12621.63542727794,0.8260120961289644,895.3799832380587,0.9259199368644917,19,(no F4 verdict)
399550694,False,10.471847271924537,0.12,0.011459296233409081,False,0.0005907516781349,9.609444788662074,0.0006017998454558304,7.7434280917800065,1.0187018805529444,104,(no F4 verdict)
399763709,False,32.15969115821781,0.17,0.005286120415884643,False,0.0694387241954046,761.5218958662847,0.0772565557902225,619.4368898382767,1.1125860488568031,376,(no F4 verdict)
400910916,True,0.8404272195161769,0.5,0.5949355142112646,True,0.0070821414740005,73.15137281933258,0.00036985184827720285,3.6493749887437836,0.05222316578043224,1288,NOVEL
401120789,False,20.53868587754941,0.35,0.017041012364991705,False,0.3073057099402619,7299.703957369545,0.2792101724394437,129.0889309546616,0.9085746323871438,16,(no F4 verdict)
402613330,True,9.050034267510537,0.12,0.013259618301203332,False,0.0004915445103502,19.737580811956462,0.0004904727287964317,13.184420470048272,0.9978195635772541,258,NOVEL
402815463,False,35.235889711693744,0.02,0.000567603093426717,False,0.9987232602819024,571.9012831963041,,,,1,(no F4 verdict)
403630242,True,1.8481394752194016,0.5,0.27054235175656455,True,0.0095398284794537,42.87811909645964,0.0036704322479491625,13.364958482111131,0.38474824320524376,279,NOVEL
403645199,False,13.222374677827474,0.5,0.037814690037368794,True,0.0016223831891901,35.33063474306688,0.0016233603845634548,26.9666594503147,1.000602320943576,325,(no F4 verdict)
40701396,False,2.0433342509452923,0.5,0.24469809565845077,True,0.000593734120297,9.808873219798125,0.0006993558605246086,8.869577800438757,1.1778940044321087,263,(no F4 verdict)
40730002,False,37.070291792318656,0.02,0.0005395155806176904,False,0.1086760418093167,63.980613525271984,0.0017432391807059577,0.7949091987823713,0.01604069445006702,20,(no F4 verdict)
410918190,False,26.898725066700845,0.5,0.018588241589895006,True,0.4583143050841675,459.8357719976229,0.4956793390077976,490.52834184806915,1.081527095072383,20,(no F4 verdict)
411434067,True,1.353604313972901,0.12,0.08865219973168789,False,0.0428867735512509,192.9009286180517,0.039393688950457584,162.8349246902202,0.9185510050874081,2004,NOVEL
411504404,False,13.639049544106127,0.084,0.0061587869248777025,False,0.2152772353263266,51.36028729840369,0.2556484744170605,161.6456534923718,1.1875313896034452,5,(no F4 verdict)
411513993,False,1.126026728282896,0.028,0.024866194821767548,False,5.1270321321794654e-11,387.35669300272775,8.697906742538564e-05,0.3607385879372582,1696479.8578005293,60,(no F4 verdict)
411731832,False,13.416853939154716,0.17,0.012670630594247214,False,0.0701866834949589,315.8112273267472,0.07577079959905719,163.76110467467265,1.079560905659538,18,(no F4 verdict)
412633548,True,1.0168616335497216,0.12,0.11801015599447566,False,0.0850527512443017,199.49707093160563,0.08532271734345342,59.87202569992024,1.0031741018979654,128,NOVEL
414232493,False,34.122901217549234,0.17,0.0049819913880174375,False,0.4902482702077836,208.0252994553693,0.5092569583959441,124.78837022107119,1.0387735956316664,73,(no F4 verdict)
417861102,True,2.514278332071979,0.17,0.06761383488514001,False,0.0194097209347311,27.07948562962417,0.018546030089324983,29.541544792378954,0.9555021502725133,155,NOVEL
420981052,False,4.000354295189319,0.02,0.0049995571702364655,False,0.4605047458114674,439.9953356896453,0.009113324417304836,2.7643409490284814,0.019789859931293455,8,(no F4 verdict)
421566477,True,1.110034236550112,0.17,0.1531484294829905,False,0.0441018363772221,541.5146106696648,0.043706186544104186,85.4583609429273,0.9910287220302177,164,NOVEL
42217803,False,11.411548801570266,0.244,0.021381847831770637,False,0.045953391161995,195.27451207882245,0.04593188095035172,29.325650779368548,0.9995319124204034,24,(no F4 verdict)
42256607,False,1.162437046082001,0.17,0.1462444788498317,False,0.0690316271160781,148.773225321538,0.08757013914305756,192.595585176215,1.268550993239759,6754,(no F4 verdict)
426236217,True,3.7338081468256674,0.244,0.06534883164991724,False,0.3589824217873917,894.8374121331576,0.38279479368753866,101.37491605162022,1.0663329746943706,46,NOVEL
427332229,True,2.7184029339124,0.084,0.0309004963731057,False,0.0086033562781794,80.869982689952,0.008495816478032991,64.68236381556252,0.9875002502896271,305,KNOWN_TOI
430248214,False,10.690716091177096,0.17,0.01590164761182824,False,0.0412591176589539,51.57257240136856,0.04377926589463399,34.427145320009316,1.0610810016954682,8,(no F4 verdict)
43333100,True,0.8084676331326976,0.12,0.14842894765621845,False,0.0002380657932495,12.213604720524106,0.0002591033943979415,9.90994703848834,1.088368853253913,1134,NOVEL
43370478,False,2.129073444314905,0.17,0.07984694020487526,False,0.687622028893006,944.5219684791772,0.73372399566157,707.2867315576187,1.0670455058613857,331,(no F4 verdict)
433770378,True,10.436249073720782,0.35,0.03353695350960192,False,0.0016108858075791,27.13193207553424,0.0015340607271082662,12.410542470843074,0.952308797985942,434,KNOWN_OTHER_TYPE
435410981,False,13.27090198304846,0.028,0.0021098791955336343,False,0.0783759126149216,28.106908262308316,,,,2,(no F4 verdict)
436415423,False,38.31093182774005,0.12,0.0031322652380151926,False,0.1750449373381679,117.73556908060893,0.004851073422980412,2.7209411283864737,0.027713303205157327,57,(no F4 verdict)
43690105,False,13.106339998244248,0.244,0.018616944168447235,False,0.0294251641752052,52.796985868106525,0.04335370211911571,52.67025093132764,1.4733546382605145,14,(no F4 verdict)
437150434,True,5.285343164440589,0.17,0.032164420494727355,False,0.1500325939135055,1081.0130168195617,0.17637987006804756,891.5965536494464,1.175610348840142,98,NOVEL
43796359,False,37.08046261660659,0.02,0.0005393675965370223,False,0.8190006711993701,9311.557638549804,0.8708901287959806,8344.769840939703,1.0633570391592255,8,(no F4 verdict)
43797047,False,3.0882217141649617,0.084,0.02720011960757589,False,0.0009542913139641,5.858906969808147,0.0008748831228079235,4.392505980150074,0.9167883119188028,181,(no F4 verdict)
43901938,False,12.107914387824058,0.35,0.028906712484849283,False,0.0420892709153202,54.82789080831666,0.039375425268902586,45.792160899072535,0.9355216760138795,31,(no F4 verdict)
440115699,False,0.665882515133133,0.058,0.08710245228229756,False,0.6174757598033508,53.30663511218161,0.7848935403527331,67.43376374583029,1.2711325552321282,1934,(no F4 verdict)
441849650,False,13.62431908441978,0.5,0.03669908175974679,True,0.4532495797561597,657.0869834526766,0.4747086172068026,366.575763515242,1.0473448590116454,22,(no F4 verdict)
442679755,False,7.282346903785063,0.02,0.0027463673818676265,False,0.18655018396697,368.5499408658057,,,,2,(no F4 verdict)
444461874,False,4.47895984340548,0.244,0.05447693404959841,False,0.0098628834242145,114.8389253243832,0.011566327787560837,98.6093102183618,1.1727126125372411,1751,(no F4 verdict)
44448395,False,12.345799247010772,0.5,0.040499605574022476,True,0.3866301811330571,72.46607107393932,0.3865921498360285,98.87059545401512,0.9999016339156009,17,(no F4 verdict)
44533833,False,3.9260920928861416,0.058,0.01477295963207097,False,0.000748523227522,5.649337866959387,0.0007641162109461863,4.812208079646676,1.0208316627338434,121,(no F4 verdict)
446487595,False,28.7622059575725,0.17,0.005910534131170926,False,0.5318992633892017,370.9007204567667,0.4742256699720947,315.1741358846946,0.8915704581923701,32,(no F4 verdict)
449837951,False,13.501213845395489,0.5,0.03703370717074614,True,0.0069167639072317,72.58345944238816,0.006782426486448889,18.879821139072614,0.9805779953480331,26,(no F4 verdict)
450445835,False,11.896798750629866,0.35,0.029419678968804066,False,0.0618286495228377,69.74459993704093,0.06771642948450074,28.071294356173393,1.0952273744793384,30,(no F4 verdict)
451043397,False,0.65,6.81629792578e-312,1.048661219351e-311,False,6.81664220598e-312,-inf,,,,1,(no F4 verdict)
451541079,False,13.355941843851586,0.12,0.008984765088299786,False,0.980897638762682,16095.99320526584,0.6505354876398652,483.56818061286987,0.6632042548909178,5,(no F4 verdict)
453810717,False,12.774368928071496,0.5,0.03914087676779532,True,0.1316038312971012,176.7295816430788,0.13707990589727315,76.35996809620751,1.0416102977109343,24,(no F4 verdict)
453937711,True,9.85743621669378,0.084,0.008521485521533907,False,0.0248961409351603,197.4208424063532,0.02547045410246873,79.66842796838363,1.0230683610284894,24,KNOWN_OTHER_TYPE
457570870,False,13.766147843241948,0.17,0.012349133681827782,False,0.0799252075331695,280.0323154035979,0.07975904451837712,131.09709760610463,0.9979210186633118,8,(no F4 verdict)
457863226,False,6.2918542820411325,0.02,0.003178713158867345,False,0.9647867043676588,742.3904987828171,0.0006748964703826577,0.3104391310759577,0.000699529198865773,7,(no F4 verdict)
458301068,True,0.8726687256218794,0.17,0.19480473518614405,False,0.0108876301318767,94.97506605038768,0.010513283980268406,51.90318103241637,0.9656172971460257,224,NOVEL
458340718,True,3.5064747119505983,0.12,0.03422240565175667,False,0.0205926840581518,48.787422904593946,0.021494189470690928,31.009827624281122,1.043777946089658,46,NOVEL
459536921,True,2.725047516858224,0.058,0.021284032531979354,False,0.0311563494790435,32.903109424360174,0.033089019471353454,19.955722316968153,1.0620313362966325,27,NOVEL
462781855,True,0.7848118467775114,0.084,0.10703202346512669,False,0.0142725081310218,177.63449621655036,0.0033628784345710594,17.618227904261218,0.23561930416853114,235,NOVEL
463169440,False,12.9619121307536,0.058,0.004474648448078,False,0.9218703687118154,777.944286565179,0.7225715776653967,61.04183897078218,0.7838103948118966,3,(no F4 verdict)
46387913,True,0.9012593910104824,0.244,0.27073226912668263,False,0.0209063849117579,79.7023409087892,0.019468612927346918,29.0174418465506,0.9312280917777245,248,KNOWN_OTHER_TYPE
464070511,False,24.94034657886889,0.12,0.004811480851740526,False,0.6085694022048574,26.0168051617528,0.602409843501216,56.648307829370985,0.9898786257059173,5,(no F4 verdict)
464366239,True,22.038158416233543,0.12,0.0054451010712223,False,0.0185895476290496,16.93403470414399,0.018791669220221796,11.34618923305519,1.0108728622775276,16,NOVEL
464765654,True,1.745460232020874,0.244,0.13979121123687793,False,0.046196883600501,460.780956732253,0.047954252887744575,57.542647822027895,1.0380408622893453,150,NOVEL
465334376,False,27.046119334542823,0.5,0.01848694054090817,True,0.1597048401742824,439.43179063448576,0.1670509017913291,194.30510154225007,1.0459977393861706,11,(no F4 verdict)
465390148,False,26.89836866844985,0.5,0.018588487880548295,True,0.0271601324376595,223.2356944755159,0.02661873673990689,64.53582827900775,0.9800665295356983,20,(no F4 verdict)
466062107,False,25.18728081877541,0.244,0.009687429213006374,False,0.0217871897401717,30.58654519140181,0.021626757390416973,16.809296934513196,0.9926363908485674,10,(no F4 verdict)
466508331,True,13.922137823599732,0.5,0.03591402457979109,True,0.7373691008385683,217.2958118698072,0.06476900756306692,6.48859549875952,0.08783797353239886,16,NOVEL
46669598,False,13.148686288878997,0.084,0.006388470920554718,False,0.0471268369505892,614.2448350932282,0.045171562118242914,74.33311015523965,0.9585103741548298,4,(no F4 verdict)
467213914,True,3.07157193232895,0.12,0.03906794392049699,False,0.0758144021115869,842.8159915980361,0.10447449984517743,909.2259281058114,1.3780297270089577,5496,KNOWN_OTHER_TYPE
467851846,True,2.184099430441886,0.244,0.11171652563026127,False,0.0070885348569819,102.36013145710108,0.004629239322211709,29.305118368992254,0.653060105594615,252,NOVEL
468601716,False,7.157908771130272,0.244,0.03408816845837938,False,0.2038009080135117,873.2916169670044,0.31017444064163346,1031.0319180534514,1.5219482762121421,2280,(no F4 verdict)
469212596,False,13.590871367348434,0.35,0.02575257984126478,False,0.1153903876843289,120.5268419309888,0.12326258660533518,110.50162679912154,1.0682223110519578,19,(no F4 verdict)
469308938,False,25.98483253233256,0.17,0.0065422780688877405,False,0.0031945504563556,38.85022594507526,0.0026492340261536906,24.70604570518998,0.8292979129138514,147,(no F4 verdict)
469451734,False,13.414288601519807,0.058,0.004323747738171425,False,0.0237289956182048,26.986787427351214,0.023830317235604803,14.878287554409518,1.0042699496864618,4,(no F4 verdict)
47219281,False,38.776163922854366,0.02,0.0005157807781035338,False,0.6019531579243206,142.3071958402747,0.5190682355396669,121.19466058191011,0.8623066906560289,3,(no F4 verdict)
47929727,False,33.23598698564747,0.04,0.0012035147329090446,False,0.4123157061907975,71.09039466059971,0.38657197651388275,52.53570627576201,0.93756306322951,15,(no F4 verdict)
49209767,False,3.0114985881410923,0.244,0.08102278412510028,False,0.5637923068688301,625.696106355816,0.35743767341657284,317.25237436715986,0.6339882064047622,1033,(no F4 verdict)
55401584,False,26.66488757143112,0.028,0.0010500700565487975,False,0.8258056183296693,9341.324906205524,0.00015689011545261256,0.2878575842500393,0.00018998431588531595,12,(no F4 verdict)
55462736,True,7.106105031628665,0.5,0.07036203345919358,True,0.007000225620174,13.688281070655572,0.005352200171111932,6.6097509036962006,0.7645753810687741,96,NOVEL
55587172,True,0.7691852120288039,0.5,0.6500384981156871,True,0.0099438426691669,60.56219181563071,0.00021421546105182543,1.3184549916502681,0.021542523165219436,697,NOVEL
57109349,False,13.490548615615925,0.028,0.0020755271559222375,False,0.3223032240820351,74.31523968783327,,,,2,(no F4 verdict)
58739772,False,10.094691847599538,0.02,0.0019812392792114687,False,0.9898421970381702,20375.49207568445,,,,1,(no F4 verdict)
59633038,False,1.350266448733079,0.084,0.06220994388093926,False,0.022536588997079,86.33716177528912,0.023397697315767352,71.20855939042228,1.0382093456467596,3523,(no F4 verdict)
59656329,True,0.879620332288007,0.084,0.09549574619484417,False,0.0082401928551672,71.04230286649613,0.005612285601578337,27.87213167928837,0.6810866808850264,182,NOVEL
60234259,True,0.993544467294796,0.12,0.12077969728595411,False,0.0083944442318096,78.50327041494315,0.009659271693594151,36.0354889534686,1.150674353996142,109,KNOWN_OTHER_TYPE
60946457,False,25.787234377326197,0.058,0.0022491748882926877,False,0.8150001898515236,858.2489678757247,0.8021647905865166,391.1160492446913,0.984251047515283,15,(no F4 verdict)
62048731,False,13.49058451625146,0.028,0.002075521632607523,False,0.0531616920646688,35.810551838235504,,,,2,(no F4 verdict)
62280600,False,13.41436785114122,0.058,0.004323722194263942,False,0.1392158278549082,166.8224405493232,0.13350349858242894,22.613737763678046,0.9589678173775421,4,(no F4 verdict)
647002004,False,32.74726696880187,0.02,0.0006107379898009163,False,0.8046217994277793,911.1009934175856,0.7863316490979014,743.7329524634532,0.977268636839214,7,(no F4 verdict)
66732476,True,3.1087371204482817,0.084,0.02702061858092625,False,0.098141164207321,369.6589519011568,0.10383472810426964,245.9657195654273,1.0580140244201823,97,NOVEL
67408849,True,3.3548600700239417,0.17,0.050672754288314276,False,0.0158375653531966,62.32888585164957,0.01240392114306288,31.317327067802857,0.7831962089147316,121,NOVEL
68304700,False,37.88244538795657,0.244,0.006440978070480409,False,0.6418374262358801,154.758371355961,0.6548119344566391,145.74382280257188,1.0202146333174262,69,(no F4 verdict)
70382217,False,25.76602060509538,0.04,0.0015524321979347392,False,0.4629019836247436,427.0625040491189,0.43564762136149016,98.52768139531439,0.9411228224821186,6,(no F4 verdict)
72005925,True,3.477792878911364,0.5,0.14376934377889475,True,0.0028686454829899,22.1020309823292,0.0019048327154953526,8.620455449727789,0.6640181670374983,135,KNOWN_OTHER_TYPE
73180604,False,7.594628168110433,0.02,0.002633440315614038,False,0.0910828631627752,402.5626321432266,,,,2,(no F4 verdict)
73561499,True,1.9571084460973944,0.244,0.12467372489580349,False,0.0213216788763715,390.4322176762722,0.018126915690921064,205.36602487381828,0.8501636196673591,2962,NOVEL
75629800,False,12.601637390676515,0.35,0.027774168479006704,False,0.0690704113953215,33.86616449838888,0.07265849876519148,27.819272008873025,1.0519482553728212,9,(no F4 verdict)
76139867,True,34.338882036076434,0.02,0.0005824301437358385,False,0.0849441227883803,65.0147874032472,0.0005077551946516268,0.2841975063063991,0.005977520021209564,23,NOVEL
76879277,True,0.655911057081352,0.058,0.08842662335665782,False,0.0749384754400554,380.0923082697573,0.09380439163876042,394.5132203162726,1.2517520684524226,2450,NOVEL
78008286,False,12.36521530289724,0.244,0.019732774078169864,False,0.4058991193230084,669.8919983588031,0.27071880484710165,179.21641248973623,0.6669608086330133,4,(no F4 verdict)
79419093,False,38.52170494773372,0.02,0.0005191878196236646,False,0.2509890655119719,143.43751000167907,0.015112280502264652,5.249418248896546,0.060210911863584,5,(no F4 verdict)
806803694,True,21.862646357974292,0.5,0.02287005844640704,True,0.0510637464363392,340.48280100376246,0.04174574993582336,23.735572508899754,0.8175222706752918,64,NOVEL
810818754,False,20.69592569341709,0.02,0.0009663737827567457,False,0.1458314491978319,38.683125297818506,,,,1,(no F4 verdict)
81551538,True,2.978437376482449,0.5,0.16787326265375527,True,0.0022092639516128,39.27430753225786,0.0016098573400270544,9.992986897304625,0.7286849264216851,165,NOVEL
82132592,False,13.342269225799532,0.5,0.03747488463455418,True,0.093431982854813,147.64284157003055,0.09148527999445144,167.76105941062218,0.9791644916346622,19,(no F4 verdict)
8346376,False,0.6760055638230119,0.5,0.7396388828108925,True,0.1648699412125986,1057.1632669491614,0.0,0.0,0.0,16292,(no F4 verdict)
86968460,False,13.846005486857711,0.058,0.004188933772635883,False,0.0175836885835436,25.26260812407913,0.019071125365354158,20.797236209703563,1.0845918519736886,5,(no F4 verdict)
87175731,True,0.8567099095358135,0.058,0.06770086274760827,False,0.0231636507815942,53.1928150802693,0.021755001740854207,29.001828292442724,0.9391870886838225,79,NOVEL
89383957,False,7.077390982704545,0.12,0.016955400696845965,False,0.129499478848328,75.2348690527158,0.06006054288042273,16.121949552085812,0.4637898423573323,23,(no F4 verdict)
90158182,False,13.575450087622167,0.058,0.004272418197970709,False,0.1871671377474517,201.703109206164,,,,2,(no F4 verdict)
90463574,False,0.8700783990666389,0.17,0.1953846919799003,False,0.0710706029966397,77.28112668524571,0.07313141742753071,61.728421578930075,1.0289967207818462,9170,(no F4 verdict)
91599324,True,7.011139459958951,0.17,0.02424712858314693,False,0.0624009737728471,147.27486856777858,0.05839357521781574,97.88337085998188,0.9357798714869555,25,NOVEL
93197394,False,13.244785757789584,0.5,0.03775070500524614,True,0.0612342753139437,268.7073295796104,0.060556499003170394,253.47395639513576,0.9889314226828292,22,(no F4 verdict)
93198521,False,13.34563061986659,0.17,0.012738251555301882,False,0.8859864701638411,2510.170182044229,0.7584719686284953,211.59981718003422,0.8560762428891661,11,(no F4 verdict)
93608201,False,13.439859448616508,0.17,0.012648941802549857,False,0.0318689569542537,82.29655072650526,0.026176175790516343,30.073645860011965,0.821369078005626,8,(no F4 verdict)
96965237,False,4.61824623983242,0.02,0.004330648250736351,False,0.0005159050521849,5.1939219039487705,0.0005737372315256506,4.6808640293466866,1.112098493891127,72,(no F4 verdict)
97011250,False,8.377088973769489,0.02,0.002387464197004999,False,0.1652633716861671,114.77495789963376,0.1832854558433259,7.062575644056557,1.1090506866299599,3,(no F4 verdict)
97032752,True,0.7927609814185551,0.35,0.4414949880274317,False,0.0086952226874071,104.80022741634536,0.008774469637317206,39.7371966342248,1.0091138493813248,478,KNOWN_OTHER_TYPE
9964969,False,1.0304544663593938,0.12,0.11645347166475122,False,0.0402679398024878,135.38791460343714,0.03956689092908905,12.359843900420923,0.9825903963093875,114,(no F4 verdict)
