span_days,max_period,period_over_max,n_eclipses_observed,n_eclipses_possible,n_data_gaps,frac_intransit_near_gap,frac_all_near_gap,TIC,verdict,bls_period,bls_depth,bls_snr,period_band,lt3_eclipses,at_ceiling
24.750203149331583,12.375101574665791,0.06265809671415754,30,31.919258721245228,1,0.029535864978902954,0.04178019981834696,102334361,NOVEL,0.7754003113129324,0.0098892016378407,65.31156714166337,other,False,False
24.576154362254783,12.288077181127392,0.42643708104878725,3,4.690023660890753,3,0.24060150375939848,0.2866535174227482,111149941,NOVEL,5.240091764822175,0.0004546419920715,10.185398171399184,other,False,False
349.7495101103791,39.8,0.6794113330346131,3,12.9342501458964,2,0.0,0.022359641985353947,118352931,NOVEL,27.040571054777597,0.3329912019049989,1035.8642633975048,26-28.5d,False,False
21.7502438957747,10.87512194788735,0.5465874498043457,3,3.659066816693124,1,0.0,0.04097452934662237,119459681,NOVEL,5.944205171807016,0.1597707075177683,310.5707953376803,other,False,False
1113.1856243499142,39.8,0.8604223584142412,2,32.50669601443249,8,0.0,0.04182823015554664,12080822,NOVEL,34.2448098648868,0.3333664654329376,92.4584519285482,other,True,False
78.0211681964065,39.01058409820325,0.6305993953516855,3,3.171585660789604,6,0.34782608695652173,0.07215148547175972,122328031,NOVEL,24.60005074464305,0.0125579914506316,70.26337245360904,other,False,False
24.416696707304027,12.208348353652013,0.8906893019787498,2,2.245451916349295,1,0.0,0.0457089552238806,122792457,NOVEL,10.873845273427731,0.0876289067569726,206.7083440962177,other,True,False
24.417024815986906,12.208512407993453,0.06678447850636345,28,29.947078194365677,1,0.047400611620795105,0.04477611940298507,125356758,NOVEL,0.8153391345063102,0.005569733614052,27.483939595814203,other,False,False
24.41680434807654,12.20840217403827,0.26747663773093383,7,7.477288547390391,1,0.13333333333333333,0.04477611940298507,125900581,NOVEL,3.265462365578779,0.0258281203990943,13.374851242380425,other,False,False
27.854388299204174,13.927194149602087,0.4333150989497095,5,4.615578835927247,2,0.0,0.06492248062015504,1326118009,NOVEL,6.034863511026644,0.0350042744208291,56.07358787081197,other,False,False
1875.8857844001443,39.8,0.022667399383916074,171,2079.321401409357,9,0.04421898928024502,0.046807970554638915,136191877,NOVEL,0.9021624954798596,0.5656905815020541,555.2885829234801,other,False,False
1459.4889191211187,39.8,0.3414534698777964,104,107.39552850477303,56,0.06097560975609756,0.04261197024415841,137091217,KNOWN_OTHER_TYPE,13.589848101136296,0.0010750287904441,149.3420560037325,13-14.5d,False,False
708.0894349031432,39.8,0.02206007122054308,67,806.4884131094514,7,0.10483870967741936,0.08155961574684498,138407805,KNOWN_OTHER_TYPE,0.8779908345776146,0.0051599895060274,78.9407971409491,other,False,False
24.41662929105155,12.208314645525775,0.06291886444095461,30,31.78696910331041,1,0.040172166427546625,0.04664179104477612,139716826,NOVEL,0.7681332942343571,0.006343846437099,34.504681060215866,other,False,False
24.416640920735517,12.208320460367759,0.06687692445676695,28,29.905681462563575,1,0.046012269938650305,0.04664179104477612,139853641,KNOWN_OTHER_TYPE,0.8164549251720169,0.0095574730006434,85.25854953938801,other,False,False
26.145862770112444,13.072931385056222,0.9601932979617401,2,2.082913934356259,1,0.0,0.037366548042704624,14001269,NOVEL,12.552541100644673,0.2089994234608356,226.05141076705075,13-14.5d,True,True
24.416913244887837,12.208456622443919,0.07101382850128538,26,28.1635287409381,1,0.04560260586319218,0.04477611940298507,142837818,NOVEL,0.8669692448516142,0.0004056038281222,18.07629451556967,other,False,False
24.41691649365339,12.208458246826694,0.061844759976324465,23,32.33903730511112,1,0.06097560975609756,0.04477611940298507,142841561,NOVEL,0.7550291699559759,0.0309780403043623,96.8776297735366,other,False,False
25.083518711863235,12.541759355931617,0.7542785628701495,2,2.6515402908836267,2,0.0,0.05092592592592592,144079288,NOVEL,9.459980222855352,0.0260998902080349,44.09717721264164,other,True,False
50.687619689651,25.3438098448255,0.8129274971071344,1,2.4602440034531434,3,1.0,0.06358974358974359,145593829,NOVEL,20.602679904313145,0.0624676330487405,164.40953606208706,other,True,False
51.02101630966513,25.510508154832564,0.5169096261913482,2,3.869148297229902,3,0.9333333333333333,0.06307222787385554,145599042,NOVEL,13.18662723426584,0.1116019594498085,197.0450575268051,13-14.5d,True,False
50.333552676106365,25.166776338053182,0.04004444798456921,40,49.94450168899028,3,0.04180064308681672,0.0720250521920668,145905547,NOVEL,1.0077896660084578,0.0044938059178001,39.97129754844003,other,False,False
51.02103750672745,25.510518753363726,0.5562792127529096,4,3.595316801615537,3,0.25806451612903225,0.06307222787385554,146204013,NOVEL,14.190971289039512,0.2063522345940655,2793.690762175509,13-14.5d,False,False
51.95820885468311,25.979104427341554,0.1419399169479103,13,14.090469002697587,5,0.10106382978723404,0.07087334247828075,146608979,NOVEL,3.687471924797949,0.0096821746189435,36.47146913521904,other,False,False
23.964529381067223,11.982264690533611,0.0653067362357509,28,30.624712170275924,2,0.11524822695035461,0.08488793450543551,153080360,NOVEL,0.7825225996516298,0.0065641126907423,111.9771643914806,other,False,False
50.33329412875537,25.166647064377685,0.044949580112853035,35,44.494297721551206,3,0.09900990099009901,0.072992700729927,153336799,KNOWN_OTHER_TYPE,1.1312302183921423,0.0096974595409396,56.13702699606745,other,False,False
50.333377725474065,25.166688862737033,0.06287892871367368,25,31.807157674508524,3,0.04929577464788732,0.06985294117647059,154831114,NOVEL,1.582454434959247,0.0321311863896544,114.75730765267308,other,False,False
24.750319451839232,12.375159725919616,0.12390907913807152,15,16.140867270681643,1,0.0,0.04178019981834696,158329671,NOVEL,1.5333946458252492,0.1181365006913262,674.2709071442584,other,False,False
26.708747548008432,13.354373774004216,0.2325580377389671,8,8.600003764414645,1,0.0,0.022395326192794548,160130060,NOVEL,3.105666960115145,0.0591262341718899,67.71893756567215,other,False,False
26.20831439828453,13.104157199142264,0.8681557388668832,2,2.3037341233387454,3,0.5238095238095238,0.07642725598526703,163249597,NOVEL,11.37644927544914,0.0200041537454198,40.554467489902464,other,True,False
736.4364154243017,39.8,0.020029490024502963,64,923.8092183369422,4,0.06240097501523461,0.06109822119102862,180251856,NOVEL,0.7971737029752178,0.3553404724016088,3428.1606807267453,other,False,False
736.4362354493769,39.8,0.43420769880089904,1,42.614221379168036,3,0.0,0.05531479000866756,180448842,NOVEL,17.28146641227578,0.949780417916297,1786.529060090075,other,True,False
51.020532590051744,25.510266295025872,0.49572955307891414,2,4.034457876433331,3,0.16666666666666666,0.06358087487283826,181674559,NOVEL,12.646192909357262,0.0176938294220446,95.46409131112158,13-14.5d,True,False
1518.1902373012695,39.8,0.6971590622703285,2,54.715609985841276,6,0.24242424242424243,0.03020655228661832,183517039,KNOWN_OTHER_TYPE,27.746930678359075,0.112959295923933,497.2017183595242,26-28.5d,True,False
24.56249408638064,12.28124704319032,0.9287941178585588,2,2.1533297439600814,1,0.5454545454545454,0.0568445475638051,183663600,NOVEL,11.406750013682986,0.5757122554319484,2292.031361283964,other,True,True
24.562486030599985,12.281243015299992,0.9043710238587879,2,2.2114817339750243,1,0.0,0.0568445475638051,185326770,NOVEL,11.10680032000544,0.0110355530024694,45.64714416665394,other,True,True
24.562541711695985,12.281270855847993,0.7236178151627372,2,2.7638899403688844,1,0.0,0.0568445475638051,186143099,NOVEL,8.886946384130523,0.01565437879027,37.37329643019794,other,True,False
24.417086990476037,12.208543495238018,0.19007466320430805,9,10.522180948705582,1,0.0,0.04477611940298507,19938261,KNOWN_OTHER_TYPE,2.320534793072512,0.0648366854418897,139.4451713677607,other,False,False
800.7668041036309,39.8,0.03101543433892933,21,648.7018278532983,3,0.049476688867745006,0.10844727477055628,203279104,NOVEL,1.2344142866893872,0.0002040231467662,32.51581597281258,other,False,False
27.895803044993045,13.947901522496522,0.7311233327853395,3,2.7355165815604017,1,0.03333333333333333,0.022099447513812154,207754858,NOVEL,10.197636246489369,0.0028047412999111,14.044313028566512,other,False,False
220.31506366564463,39.8,0.868485199901311,1,6.373803910633633,7,1.0,0.10583136327817179,20817046,NOVEL,34.565710956072174,0.0125470093082739,451.7485378844294,other,True,False
27.06261729619723,13.531308648098616,0.12404102276505058,8,16.12369807517835,1,0.0,0.03700277520814061,208358448,NOVEL,1.678437364059726,0.0150610035627843,118.66098785556149,other,False,False
1849.8163353673103,39.8,0.018768686830967034,179,2476.3478547871982,9,0.06769527483124398,0.06822184989474589,216742782,NOVEL,0.7469937358724879,0.0552159548770205,372.8712104826228,other,False,False
21.75016415691448,10.87508207845724,0.3349640392006386,5,5.970790192203375,1,0.0,0.04092920353982301,220148279,NOVEL,3.6427614196385134,0.0156983523137653,35.864218316498786,other,False,False
1115.680073419238,39.8,0.0243632555852477,135,1150.5918226174358,6,0.031085918854415275,0.029400853273975142,22206966,NOVEL,0.9696575722928584,0.1033277556700596,1334.6957351976762,other,False,False
736.4364458435325,39.8,0.325895119549557,2,56.777248806612555,3,0.0,0.05465116279069768,222712042,NOVEL,12.97062575807237,0.6214006858942694,2324.2889598626966,13-14.5d,True,False
26.708605979139293,13.354302989569646,0.9749279443250556,2,2.0514336589096374,1,0.22580645161290322,0.022351797862001945,224835221,NOVEL,13.01948316151508,0.2367608713822854,534.7642647858181,13-14.5d,True,True
758.6733080188351,39.8,0.07929985711072057,25,240.38055189612257,7,0.10316649642492338,0.10780071702311782,230275619,NOVEL,3.1561343130066786,0.0004485323326751,11.45843335931336,other,False,False
27.85424007797087,13.927120038985436,0.07989431446638648,23,25.033070417563312,2,0.1348314606741573,0.0643611911623439,231260455,NOVEL,1.1126977080058151,0.0884634213696254,109.0356776339106,other,False,False
24.06228520569516,12.03114260284758,0.082970890375515,18,24.10483955214017,1,0.05569007263922518,0.059665871121718374,231528689,NOVEL,0.9982346139930548,0.0059654752578635,39.72760695066743,other,False,False
27.89591442742949,13.947957213714744,0.28491739221970147,5,7.01957849753794,1,0.023809523809523808,0.02117863720073665,23259249,NOVEL,3.9740155961235786,0.0391535931649554,59.74630065357756,other,False,False
813.238971584206,39.8,0.13245330986560752,43,154.26673754159262,16,0.014854260089686098,0.070616346036025,233415701,NOVEL,5.271641732651179,0.0100988652846398,63.155952515957104,other,False,False
21.75024143928158,10.87512071964079,0.06041279917300026,31,33.10556748533912,1,0.030837004405286344,0.04092920353982301,234073743,NOVEL,0.6569964840177932,0.0059659671323567,70.96809870151829,other,False,False
1979.459943232562,39.8,0.3716597760085234,75,133.81909386917042,55,0.04676753782668501,0.0325927268000835,237115819,NOVEL,14.79205908513923,0.088832292054031,506.9717837496276,other,False,False
27.06259378093273,13.531296890466365,0.9993929861862714,1,2.001214765006597,1,0.0,0.03700277520814061,241818542,NOVEL,13.523083206336189,0.1409634205984407,167.1731491735577,13-14.5d,True,True
27.85438087083935,13.927190435419675,0.9228407872382469,2,2.167221071779163,2,0.0,0.06525911708253358,247647672,NOVEL,12.852579385439675,0.0187572190168252,86.59405503859625,13-14.5d,True,True
23.5206690201951,11.76033451009755,0.09626046513860674,19,20.776961726916372,1,0.05660377358490566,0.04843592330978809,250630820,KNOWN_OTHER_TYPE,1.132055270127599,0.0242731388705002,321.75923440785914,other,False,False
27.06242643131486,13.53121321565743,0.27641812828410534,7,7.235415464301168,1,0.0,0.037927844588344126,253168781,NOVEL,3.7402726304851774,0.0081922718239505,54.98500105540781,other,False,False
27.062445520114352,13.531222760057176,0.9909333964054121,1,2.018299118038562,1,0.07692307692307693,0.037927844588344126,255964136,NOVEL,13.408540527141673,0.1586651527356042,45.46916585389409,13-14.5d,True,True
26.70885239948757,13.354426199743784,0.989376161679467,1,2.0214758324124147,1,0.14285714285714285,0.022351797862001945,262775292,KNOWN_OTHER_TYPE,13.212550934934216,0.1591196035549258,348.5880589484313,13-14.5d,True,True
27.062281896218337,13.531140948109169,0.08512829354173981,19,23.493951502967306,1,0.05128205128205128,0.037927844588344126,273158289,NOVEL,1.151882938585293,0.0125462734332341,41.26919130495207,other,False,False
1113.1854911866017,39.8,0.8440573172533913,3,33.13694950740452,5,0.0,0.06314235731467308,278233128,KNOWN_OTHER_TYPE,33.59348122668497,0.2504616924293998,156.38205599887652,other,False,False
52.33296627457821,26.166483137289106,0.03214295103018049,59,62.22204047544073,4,0.05405405405405406,0.06558118498417007,280490331,NOVEL,0.8410679861139274,0.0034386938031689,51.0384641472636,other,False,False
52.333048250252205,26.166524125126102,0.501662063900875,1,3.9867475416582154,4,1.0,0.06558118498417007,281176866,NOVEL,13.126752497722798,0.239763684042996,257.73780992699034,13-14.5d,True,False
380.5139445741447,39.8,0.4275882093574679,4,22.359484346139748,4,0.2463768115942029,0.054745283802875425,281286325,NOVEL,17.01801073242722,0.0066087982330431,12.934877501170693,other,False,False
1142.5186019153812,39.8,0.6807172586995764,3,42.170955956666134,7,0.18085106382978725,0.04368212481471398,282345650,KNOWN_OTHER_TYPE,27.09254689624314,0.3511603424632393,1235.8258851333342,26-28.5d,False,False
50.33359898038066,25.16679949019033,0.9610445286546401,2,2.0810690247618253,3,0.5483870967741935,0.07549120992761117,285526589,KNOWN_OTHER_TYPE,24.1864149537958,0.0527109149115445,101.44743967593966,other,True,True
21.750131805726824,10.875065902863412,0.16204509867211025,11,12.342243093985182,1,0.13043478260869565,0.04097452934662237,287846593,NOVEL,1.7622511272952033,0.0846077443033173,3076.457002581413,other,False,False
24.749903716805647,12.374951858402824,0.99921453429904,1,2.0015721662846127,1,0.0,0.04454545454545455,289799635,NOVEL,12.365231758167017,0.1022610766294117,114.64952136613668,13-14.5d,True,True
27.895990376424834,13.947995188212417,0.5512979068268403,4,3.627802636711605,1,0.0,0.02117863720073665,290958279,NOVEL,7.689500551692346,0.0018865004910181,15.351218303213598,other,False,False
51.02077123042045,25.510385615210225,0.04344610391724581,39,46.034047237227774,3,0.04234527687296417,0.06358087487283826,29216744,KNOWN_OTHER_TYPE,1.108326864407436,0.0451810713037801,141.48774443607496,other,False,False
54.41697529023804,27.20848764511902,0.5000063427703265,2,3.999949258481071,4,1.0,0.06855575868372943,294657132,NOVEL,13.604416399747576,0.6008258913315335,1400.942462709709,13-14.5d,True,False
52.332832174745135,26.166416087372568,0.09733009762819461,19,20.548628314748957,4,0.08133971291866028,0.06558118498417007,294852916,NOVEL,2.546779832363934,0.0144593405933424,357.39540457810057,other,False,False
27.666317099919297,13.833158549959649,0.3721094155707291,4,5.374763218319715,1,0.2727272727272727,0.0425531914893617,29495157,NOVEL,5.147448543522719,0.0857856252931797,333.23644002774006,other,False,False
25.125038984057028,12.562519492028514,0.2465739291212246,8,8.111157603433119,1,0.12121212121212122,0.041666666666666664,298215657,NOVEL,3.0975897908114414,0.0036197085661879,16.34983997169683,other,False,False
28.395439807162347,14.197719903581174,0.3825902993307727,4,5.2275240733975785,1,0.13636363636363635,0.03313508920985556,303470667,NOVEL,5.431909907725591,0.0221977249554096,56.9755696599801,other,False,False
54.4168053334613,27.20840266673065,0.028289691937493547,65,70.69712899027063,4,0.09078014184397164,0.06855575868372943,304809821,KNOWN_OTHER_TYPE,0.7697173295530879,0.0372732709724049,127.16795161523324,other,False,False
54.41631614205312,27.20815807102656,0.029155146177240007,42,68.59852417962843,4,0.0625,0.0690127970749543,304889252,NOVEL,0.7932578257742319,0.0567387241544411,230.28107172110185,other,False,False
24.41704735076769,12.208523675383844,0.059426006698336725,32,33.65529859935849,1,0.03561643835616438,0.04477611940298507,307392778,NOVEL,0.7255038097101628,0.0071891283509764,16.17337203871759,other,False,False
27.062310723268865,13.531155361634433,0.06834415378764908,28,29.263658837801476,1,0.03866432337434095,0.037927844588344126,308474943,NOVEL,0.924775362960116,0.0074660606548438,40.80263896573244,other,False,False
1119.3695937185012,39.8,0.10350387833417694,13,271.727635876371,2,0.0,0.022743259085580305,309240602,NOVEL,4.119454357700242,0.0706914616810379,234.36121843983744,other,False,False
27.06243911519823,13.531219557599115,0.13422969488385453,14,14.899832721295747,1,0.0,0.037927844588344126,309672362,NOVEL,1.8162914726229744,0.0041137198726922,23.285909148859467,other,False,False
27.06244746276934,13.53122373138467,0.9607173782017837,2,2.08177768548695,1,0.0,0.037927844588344126,309674872,NOVEL,12.999681787077638,0.006264440771713,23.909567294830868,13-14.5d,True,True
27.854744222729778,13.927372111364889,0.9409284095520212,1,2.125560222963409,2,1.0,0.06525911708253358,31123635,NOVEL,13.10466008998574,0.015788331093626,397.42375819238623,13-14.5d,True,True
761.1595961155072,39.8,0.08381823948300232,11,228.16767669767907,5,0.14682539682539683,0.12347354138398914,313356920,KNOWN_OTHER_TYPE,3.335965931423492,0.0084937860584415,52.94050393866905,other,False,False
27.06299420366713,13.531497101833565,0.066702715253197,24,29.983786902949827,1,0.05102040816326531,0.03700277520814061,313569577,NOVEL,0.9025875981330648,0.0167141688738997,205.25053185791583,other,False,False
54.41673525742772,27.20836762871386,0.993547675053373,1,2.0129884556295305,4,1.0,0.06855575868372943,315702957,NOVEL,27.03281039950611,0.3326540766246921,186.5203925948285,26-28.5d,True,True
54.416868694455616,27.208434347227808,0.9925587067458715,1,2.0149941624682834,4,1.0,0.06855575868372943,316236490,NOVEL,27.005968408264383,0.3101566421508562,178.19433503559475,26-28.5d,True,True
25.057981686936273,12.528990843468137,0.6474074260119146,3,3.0892447624831427,1,0.0,0.0424695241840346,31717527,NOVEL,8.111361712496553,0.0008619339528429,19.57044119117101,other,False,False
27.062659068345056,13.531329534172528,0.20064006323160688,10,9.968098931923281,1,0.11428571428571428,0.03710575139146568,318928219,NOVEL,2.7149268133440856,0.0418325279225744,383.1461845522305,other,False,False
24.41659746030723,12.208298730153615,0.3755145763692847,4,5.326024942459704,1,0.0,0.04664179104477612,320474615,NOVEL,4.584394125843311,0.0154674647474779,21.722492785169344,other,False,False
53.29185655385504,26.64592827692752,0.5293913428298602,1,3.777923509872686,3,1.0,0.055530059660394676,323775614,NOVEL,14.106123751470804,0.5513851305924645,433.8340059915962,13-14.5d,True,False
54.41672484053106,27.20836242026553,0.057889604562759996,27,34.548517218350234,4,0.12037037037037036,0.06855575868372943,323961620,NOVEL,1.5750813413094311,0.0043311300626525,61.19139479354838,other,False,False
1979.4622088653282,39.8,0.8845955537280108,16,56.22369586747672,51,0.0,0.03368482352696491,326260517,NOVEL,35.206903038374826,0.0198235021591427,91.15218078202749,other,False,False
56.06237960201588,28.03118980100794,0.4974989867362671,3,4.020108690312238,3,0.0,0.0466728280961183,329832608,NOVEL,13.945488523013434,0.0396381064565958,386.2556267008232,13-14.5d,False,False
50.99955138900009,25.499775694500045,0.5249780474992154,2,3.809683108707491,3,0.6363636363636364,0.06550802139037433,330234939,NOVEL,13.386822455766584,0.2201183314628002,39.4340615348187,13-14.5d,True,False
1845.6967978011774,39.8,0.09377055593020164,29,494.5506714981882,4,0.09481668773704172,0.033254771211772824,330901906,NOVEL,3.732068126022025,0.0049831981812006,60.09782681820708,other,False,False
24.41617912153788,12.20808956076894,0.06674744637892895,28,29.963693122368895,1,0.050381679389312976,0.04664179104477612,33091659,KNOWN_OTHER_TYPE,0.8148588033465871,0.0022994902557711,75.17649863455252,other,False,False
56.06232935679827,28.031164678399136,0.9820933797203365,1,2.036466227447257,3,0.0,0.0466728280961183,331023501,NOVEL,27.52922125650633,0.7270180951111554,1227.5979529740605,26-28.5d,True,True
25.083604846010758,12.541802423005379,0.9984225534726701,2,2.003159877592595,1,0.34782608695652173,0.03759398496240601,332950091,NOVEL,12.52201840032675,0.078382743606735,49.134847486744064,13-14.5d,True,True
349.74958074659435,39.8,0.7008023071947523,1,12.53945344926469,4,0.08333333333333333,0.04707993474714519,333584947,NOVEL,27.89193182635114,0.7078190212567409,539.4235872885062,26-28.5d,True,False
27.06293603605036,13.53146801802518,0.9917359278562156,2,2.0166658722582502,3,0.75,0.1078838174273859,333745611,NOVEL,13.419642990112909,0.1527860209056824,698.5331942374071,13-14.5d,True,True
762.3391324247632,39.8,0.8475377049524717,1,22.59987897468853,3,1.0,0.02825892335837453,335217393,NOVEL,33.73200065710837,0.5713247852951269,187.59315578374645,other,True,False
26.70844285876001,13.354221429380004,0.9704196727734508,2,2.060963989202752,1,0.0,0.022351797862001945,34044618,NOVEL,12.959199189643147,0.0602078056855171,160.00626527378307,13-14.5d,True,True
78.22877881082513,39.11438940541257,0.8551090482851389,1,2.338882981078097,6,1.0,0.07256752359258054,341194762,NOVEL,33.44706829871666,0.0327620934161151,329.7035151615128,other,True,False
104.00009325220708,39.8,0.8510324436894358,1,3.07046774659395,8,0.0,0.07696019300361882,341797047,NOVEL,33.87109125883954,0.0411909934028201,162.20313656599106,other,True,False
27.895788757033415,13.947894378516708,0.22302964543672787,5,8.967417744325777,1,0.0,0.022099447513812154,343034455,NOVEL,3.110793937829511,0.0398908938207056,27.58901255002687,other,False,False
51.02101829605658,25.51050914802829,0.03760582893825889,43,53.183244631665815,3,0.05737704918032787,0.06829765545361875,3516691,NOVEL,0.9593438431486404,0.0133155272651564,50.16086867429706,other,False,False
763.27548537849,39.8,0.02001301283920027,98,958.2653131052145,3,0.022776183644189384,0.03404272027642532,355981677,NOVEL,0.7965179110001707,0.2060720588114488,1389.5016789767071,other,False,False
27.895960549676374,13.947980274838187,0.05356247177691896,37,37.339576267685175,1,0.02982107355864811,0.02117863720073665,35727587,NOVEL,0.7470882998160427,0.0019910663231604,58.19149981825976,other,False,False
26.708477106722512,13.354238553361256,0.9846026366545358,1,2.031276299234341,1,0.1,0.022351797862001945,35877600,NOVEL,13.148618490153147,0.2086174386132887,213.40166591581175,13-14.5d,True,True
27.89596118478039,13.947980592390195,0.9995912406215602,2,2.0008178530619887,1,0.2413793103448276,0.02117863720073665,361568408,NOVEL,13.94227922451276,0.0538738594587026,36.91400708359609,13-14.5d,True,True
27.89595554204493,13.947977771022465,0.05790092824787611,31,34.541760564492556,1,0.03333333333333333,0.02117863720073665,362115607,KNOWN_OTHER_TYPE,0.8076008601229427,0.0331508678066683,100.58679309436036,other,False,False
787.7008201703193,39.8,0.8653934655225705,2,22.869918346073334,4,0.0,0.02392828490704245,363736935,NOVEL,34.4426599277983,0.4682653389987663,545.033340941395,other,True,False
1150.3671155191896,39.8,0.5149939621690623,4,56.12434027011053,8,0.48559670781893005,0.10875503162737206,366749440,NOVEL,20.49675969432868,0.0004139979884085,19.208539822537823,other,False,False
26.21547397115455,13.107736985577276,0.9995995220979448,2,2.0008012766977212,1,0.0,0.039739884393063585,367301645,NOVEL,13.1024876265686,0.4167948674570574,2393.98343327864,13-14.5d,True,True
1272.1707098697993,39.8,0.9923482332065199,16,32.21055584933085,30,0.02782392026578073,0.033714106986970915,367854604,NOVEL,39.49545968161949,0.0452603143421581,72.80072878593835,other,False,True
26.208312443873865,13.104156221936933,0.05082939031720007,38,39.34731436908901,2,0.05224787363304982,0.06684733514001806,374684661,NOVEL,0.6660762713823981,0.0025788420574723,93.09124829753148,other,False,False
1849.8166177403425,39.8,0.02779215124839446,120,1672.3356191623618,9,0.08996445173639596,0.06783276450511945,378067576,NOVEL,1.1061276196860994,0.0604560919642945,91.20615401682365,other,False,False
27.854497152969998,13.927248576484999,0.9634962738281964,2,2.0757734662050447,2,0.0,0.06525911708253358,382024699,NOVEL,13.418852108122348,0.0347735445800838,607.6984086905642,13-14.5d,True,True
24.41653333408931,12.208266667044654,0.0630052787619147,30,31.743371972968013,1,0.04160688665710186,0.04664179104477612,386140833,NOVEL,0.7691852445569397,0.0064138130561365,118.00075746902048,other,False,False
24.416543137214603,12.208271568607302,0.6002806167905849,3,3.33177507995019,1,0.0,0.04664179104477612,386206443,KNOWN_OTHER_TYPE,7.328388787150551,0.0170532460434892,27.31876969950387,other,False,False
21.75027905804609,10.875139529023045,0.15783877624724685,11,12.671157541585956,1,0.0,0.04092920353982301,387142107,NOVEL,1.7165187147790577,0.0457525891663695,184.35170617405257,other,False,False
24.145792177365365,12.072896088682683,0.0886319579700015,16,22.56522416752796,1,0.0,0.05938242280285035,393915029,NOVEL,1.070044418708319,0.0070007511246639,46.67646424307991,other,False,False
27.833170905435964,13.916585452717982,0.051392383145732926,22,38.91627275443946,3,0.11827956989247312,0.07532956685499058,394085020,KNOWN_OTHER_TYPE,0.7152064916664156,0.0181221086783018,60.45959917531625,other,False,False
763.2755054081854,39.8,0.6601204163782312,3,29.051936649699464,3,0.0,0.03406545911751994,394420407,KNOWN_OTHER_TYPE,26.2727925718536,0.5223103091295546,446.6717517043114,26-28.5d,False,False
54.416817963515086,27.208408981757543,0.9918176317841737,1,2.016499743407681,4,1.0,0.06855575868372943,398499986,NOVEL,26.98577976090201,0.892098834080782,12621.63542727794,26-28.5d,True,True
54.41713927612477,27.208569638062386,0.030888327857576663,62,64.74937747429458,4,0.06987577639751552,0.06855575868372943,400910916,NOVEL,0.8404272195161769,0.0070821414740005,73.15137281933258,other,False,False
51.02109282044103,25.510546410220513,0.8051056824608357,1,2.4841459246529287,3,1.0,0.06307222787385554,401120789,NOVEL,20.53868587754941,0.3073057099402619,7299.703957369545,other,True,False
763.2770480254189,39.8,0.2273877956660939,3,84.33968595738583,5,0.0,0.1353981952161406,402613330,NOVEL,9.050034267510537,0.0004915445103502,19.737580811956462,other,False,False
24.41650118695634,12.20825059347817,0.15138446422509588,12,13.211395305572237,1,0.0,0.04664179104477612,403630242,NOVEL,1.8481394752194016,0.0095398284794537,42.87811909645964,other,False,False
26.44474935565495,13.222374677827474,1.0,2,2.0,2,0.7476923076923077,0.12781170862505586,403645199,KNOWN_OTHER_TYPE,13.222374677827474,0.0016223831891901,35.33063474306688,13-14.5d,True,True
54.417115740823874,27.208557870411937,0.9886126708667635,1,2.0230369880314254,4,1.0,0.06855575868372943,410918190,NOVEL,26.898725066700845,0.4583143050841675,459.8357719976229,26-28.5d,True,True
759.1160349368442,39.8,0.034010158642535204,39,560.8108862395674,1,0.04940119760479042,0.01945367957588283,411434067,NOVEL,1.353604313972901,0.0428867735512509,192.9009286180517,other,False,False
27.062787997589794,13.531393998794897,0.9915352357894256,2,2.0170740562816913,1,0.0,0.03700277520814061,411731832,NOVEL,13.416853939154716,0.0701866834949589,315.8112273267472,13-14.5d,True,True
27.062401939506117,13.531200969753058,0.0751493999551674,23,26.613652287219313,1,0.03125,0.037927844588344126,412633548,NOVEL,1.0168616335497216,0.0850527512443017,199.49707093160563,other,False,False
349.7169137569872,39.8,0.8573593270741015,1,10.248745015184394,1,0.0,0.01999074502545118,414232493,NOVEL,34.122901217549234,0.4902482702077836,208.0252994553693,other,True,False
50.31243348199996,25.15621674099998,0.09994659999785144,19,20.010685706597265,3,0.10967741935483871,0.06415432929564828,417861102,NOVEL,2.514278332071979,0.0194097209347311,27.07948562962417,other,False,False
27.89569937757301,13.947849688786505,0.07958461421064307,22,25.13048558238201,1,0.012195121951219513,0.022099447513812154,421566477,NOVEL,1.110034236550112,0.0441018363772221,541.5146106696648,other,False,False
27.85428524144254,13.92714262072127,0.8193747355320237,2,2.440885608587127,2,0.5,0.06525911708253358,42217803,NOVEL,11.411548801570266,0.045953391161995,195.27451207882245,other,True,False
27.895919801540003,13.947959900770002,0.2676956467748048,5,7.4711711755345505,1,0.0,0.02117863720073665,426236217,NOVEL,3.7338081468256674,0.3589824217873917,894.8374121331576,other,False,False
22.93423040710377,11.467115203551884,0.23706075029841747,5,8.436655994222386,1,0.0,0.06553199235460089,427332229,KNOWN_OTHER_TYPE,2.7184029339124,0.0086033562781794,80.869982689952,other,False,False
27.13208986008067,13.566044930040334,0.059594939962379585,24,33.55989621371441,2,0.06878306878306878,0.1062491811869514,43333100,NOVEL,0.8084676331326976,0.0002380657932495,12.213604720524106,other,False,False
26.444388156629884,13.222194078314942,0.7892978284774046,3,2.533897760567897,2,0.3686635944700461,0.1105955143078113,433770378,KNOWN_OTHER_TYPE,10.436249073720782,0.0016108858075791,27.13193207553424,other,False,False
26.708577260400943,13.354288630200472,0.981433033325677,1,2.037836441293212,1,0.14285714285714285,0.022351797862001945,43690105,KNOWN_OTHER_TYPE,13.106339998244248,0.0294251641752052,52.796985868106525,13-14.5d,True,True
24.986291427934702,12.493145713967351,0.42305943478523345,4,4.7274681417170195,1,0.0,0.04275534441805225,437150434,NOVEL,5.285343164440589,0.1500325939135055,1081.0130168195617,other,False,False
26.00035729398701,13.000178646993504,0.9313652309404382,2,2.147385293716104,1,0.0,0.03756708407871199,43901938,NOVEL,12.107914387824058,0.0420892709153202,54.82789080831666,other,True,True
52.33321169536612,26.16660584768306,0.5206758248940473,2,3.841161629516756,4,0.8636363636363636,0.06558118498417007,441849650,NOVEL,13.62431908441978,0.4532495797561597,657.0869834526766,13-14.5d,True,False
24.749873202394838,12.374936601197419,0.9976454542656948,1,2.0047202054081192,1,0.0,0.04454545454545455,44448395,KNOWN_OTHER_TYPE,12.345799247010772,0.3866301811330571,72.46607107393932,13-14.5d,True,True
349.74927397653664,39.8,0.7226684913962941,1,12.160029536415124,1,0.0,0.019444569473826348,446487595,NOVEL,28.7622059575725,0.5318992633892017,370.9007204567667,other,True,False
27.062612696521455,13.531306348260728,0.9977760829523229,2,2.0044577477565846,1,0.0,0.03710575139146568,449837951,NOVEL,13.501213845395489,0.0069167639072317,72.58345944238816,13-14.5d,True,True
27.062312940081483,13.531156470040742,0.8792152228060108,2,2.274755882430027,1,0.0,0.037927844588344126,450445835,NOVEL,11.896798750629866,0.0618286495228377,69.74459993704093,other,True,False
54.416957168558156,27.208478584279078,0.36229281200564284,6,5.5203965790214164,4,0.0,0.06855575868372943,453937711,KNOWN_OTHER_TYPE,9.85743621669378,0.0248961409351603,197.4208424063532,other,False,False
26.20830072174749,13.104150360873746,0.06659483458214016,28,30.03235930458146,2,0.08035714285714286,0.06684733514001806,458301068,NOVEL,0.8726687256218794,0.0108876301318767,94.97506605038768,other,False,False
26.208258703672755,13.104129351836377,0.26758547766160523,8,7.474247173193929,2,0.2391304347826087,0.06684733514001806,458340718,NOVEL,3.5064747119505983,0.0205926840581518,48.787422904593946,other,False,False
26.208418850673297,13.104209425336649,0.20795207313990385,8,9.617600679818473,2,0.1111111111111111,0.06594399277326106,459536921,NOVEL,2.725047516858224,0.0311563494790435,32.903109424360174,other,False,False
52.33368621604154,26.16684310802077,0.029992607191386703,58,66.68309917966589,4,0.06808510638297872,0.06467661691542288,462781855,NOVEL,0.7848118467775114,0.0142725081310218,177.63449621655036,other,False,False
21.74962807697534,10.87481403848767,0.08287584392898896,24,24.13248427024976,1,0.06854838709677419,0.042081949058693245,46387913,KNOWN_OTHER_TYPE,0.9012593910104824,0.0209063849117579,79.7023409087892,other,False,False
52.33373841627758,26.16686920813879,0.842216095511301,3,2.374687459262839,4,0.1875,0.06467661691542288,464366239,NOVEL,22.038158416233543,0.0185895476290496,16.93403470414399,other,False,False
27.103985070936005,13.551992535468003,0.1287973135649751,15,15.52827419021476,1,0.06666666666666667,0.022878932316491896,464765654,NOVEL,1.745460232020874,0.046196883600501,460.780956732253,other,False,False
54.41642258195998,27.20821129097999,0.9940425353690596,1,2.0119863374432536,4,1.0,0.0690127970749543,465334376,NOVEL,27.046119334542823,0.1597048401742824,439.43179063448576,26-28.5d,True,True
54.416392515956886,27.208196257978443,0.9886127111628086,1,2.023036905572047,4,1.0,0.0690127970749543,465390148,NOVEL,26.89836866844985,0.0271601324376595,223.2356944755159,26-28.5d,True,True
54.416480297272756,27.208240148636378,0.9257225267484911,1,2.1604745938556795,4,0.0,0.0690127970749543,466062107,NOVEL,25.18728081877541,0.0217871897401717,30.58654519140181,other,True,True
53.2913937357298,26.6456968678649,0.5224910383330988,3,3.82781684903265,3,0.625,0.05596669750231267,466508331,NOVEL,13.922137823599732,0.7373691008385683,217.2958118698072,13-14.5d,False,False
1926.9766614011646,39.8,0.07717517417911936,155,627.3584678643934,24,0.030385735080058224,0.03880452778705473,467213914,KNOWN_OTHER_TYPE,3.07157193232895,0.0758144021115869,842.8159915980361,other,False,False
54.416475004159565,27.208237502079783,0.08027346241280549,23,24.914834116846983,4,0.031746031746031744,0.0690127970749543,467851846,NOVEL,2.184099430441886,0.0070885348569819,102.36013145710108,other,False,False
52.33357147832112,26.16678573916056,0.5193939944640841,2,3.8506413653542912,4,1.0,0.06467661691542288,469212596,NOVEL,13.590871367348434,0.1153903876843289,120.5268419309888,13-14.5d,True,False
53.65940912201904,26.82970456100952,0.9685098273536423,2,2.065028091108588,0,0.0,0.0,469308938,KNOWN_OTHER_TYPE,25.98483253233256,0.0031945504563556,38.85022594507526,other,True,True
736.4360085150652,39.8,0.8350750498906401,1,22.15778965231529,5,0.13333333333333333,0.05226928895612708,47929727,NOVEL,33.23598698564747,0.4123157061907975,71.09039466059971,other,True,False
27.041193890631575,13.520596945315788,0.5255762789445902,4,3.8053467786183197,1,0.0,0.03482142857142857,55462736,NOVEL,7.106105031628665,0.007000225620174,13.688281070655572,other,False,False
24.416515346571487,12.208257673285743,0.0630053225131334,30,31.74334993020791,1,0.04160688665710186,0.04664179104477612,55587172,NOVEL,0.7691852120288039,0.0099438426691669,60.56219181563071,other,False,False
50.33314151119362,25.16657075559681,0.03495193448604386,46,57.22143936835858,3,0.08791208791208792,0.07652533609100311,59656329,NOVEL,0.879620332288007,0.0082401928551672,71.04230286649613,other,False,False
21.750057129325114,10.875028564662557,0.09136017081584785,20,21.891377633600797,1,0.027522935779816515,0.04097452934662237,60234259,KNOWN_OTHER_TYPE,0.993544467294796,0.0083944442318096,78.50327041494315,other,False,False
785.3955611857764,39.8,0.6479204617418642,1,30.45675816544123,10,1.0,0.06921225310779174,60946457,KNOWN_OTHER_TYPE,25.787234377326197,0.8150001898515236,858.2489678757247,other,True,False
25.363423383709232,12.681711691854616,0.2451354514268767,8,8.158754632830393,1,0.0,0.04342581423401689,66732476,NOVEL,3.1087371204482817,0.098141164207321,369.6589519011568,other,False,False
53.29183350553285,26.645916752766425,0.12590522222042275,15,15.884964616468352,4,0.06611570247933884,0.06067623899953682,67408849,NOVEL,3.3548600700239417,0.0158375653531966,62.32888585164957,other,False,False
785.3949771008283,39.8,0.9518202358783059,2,20.732425508901223,14,0.6376811594202898,0.09771890222169419,68304700,NOVEL,37.88244538795657,0.6418374262358801,154.758371355961,other,True,True
26.208135451034423,13.104067725517211,0.26539796281265765,6,7.535852870927213,3,0.0,0.07734806629834254,72005925,KNOWN_OTHER_TYPE,3.477792878911364,0.0028686454829899,22.1020309823292,other,False,False
1496.0549703087663,39.8,0.04917357904767323,67,764.4210893330926,8,0.04962862930452397,0.04986616008980226,73561499,NOVEL,1.9571084460973944,0.0213216788763715,390.4322176762722,other,False,False
1115.6802282214671,39.8,0.8627859808059406,3,32.49028978431311,7,0.391304347826087,0.032431825833239815,76139867,NOVEL,34.338882036076434,0.0849441227883803,65.0147874032472,other,False,False
1469.4879565911801,39.8,0.01648017731360181,172,2240.3768631833277,10,0.06857142857142857,0.07276685343135506,76879277,NOVEL,0.655911057081352,0.0749384754400554,380.0923082697573,other,False,False
76.79211619102716,38.39605809551358,0.5693981997732431,3,3.5124803710241426,5,0.625,0.07276918011195259,806803694,NOVEL,21.862646357974292,0.0510637464363392,340.48280100376246,other,False,False
26.20826336079176,13.10413168039588,0.22728994557787208,7,8.799333357729973,3,0.0,0.07734806629834254,81551538,NOVEL,2.978437376482449,0.0022092639516128,39.27430753225786,other,False,False
51.0203673826461,25.51018369132305,0.5230173716991983,2,3.8239647633544673,3,1.0,0.06408952187182096,82132592,NOVEL,13.342269225799532,0.093431982854813,147.64284157003055,13-14.5d,True,False
28.395422215823146,14.197711107911573,0.06034141017691352,19,33.14473417403154,1,0.0,0.03313508920985556,87175731,NOVEL,0.8567099095358135,0.0231636507815942,53.1928150802693,other,False,False
21.749752494789163,10.874876247394582,0.6447098155842178,3,3.102170855251609,1,0.0,0.0420353982300885,91599324,NOVEL,7.011139459958951,0.0624009737728471,147.27486856777858,other,False,False
51.02080374161369,25.510401870806845,0.5191915762388057,2,3.8521426223604336,3,0.9090909090909091,0.06358087487283826,93197394,NOVEL,13.244785757789584,0.0612342753139437,268.7073295796104,13-14.5d,True,False
51.020815365564204,25.510407682782102,0.5231445449958073,2,3.8230351804892257,3,1.0,0.07359752959341224,93198521,NOVEL,13.34563061986659,0.8859864701638411,2510.170182044229,13-14.5d,True,False
25.02074719434222,12.51037359717111,0.06336828994441997,31,31.561527094295755,1,0.03556485355648536,0.04418394950405771,97032752,KNOWN_OTHER_TYPE,0.7927609814185551,0.0086952226874071,104.80022741634536,other,False,False
