TIC,n_points_raw,n_points,status,error,n_dropped_physical,frac_dropped_physical,bls_period,bls_t0,bls_duration,bls_depth,bls_depth_err,bls_snr,n_in_transit,depth_flagged_implausible,insufficient_intransit_points,depth_odd,depth_even,odd_even_z,possible_half_period_alias,n_odd,n_even,secondary_phase,secondary_depth,secondary_sigma,secondary_detected,secondary_flagged_implausible
122328031,3073,3063,OK,,10,0.0032541490400260333,24.60005074464305,1535.2513052902768,0.5,0.012557991450631693,0.00017872742244080342,70.26337245360904,69.0,False,False,0.00018710794743326264,0.019661183059724308,0.8985236549682267,False,26.0,51.0,-0.09499999999999997,0.004473018218385749,4.192298630549693,False,False
163249597,1086,1086,OK,,0,0.0,11.37644927544914,1570.6984327550208,0.244,0.020004153745419858,0.0004932663399020252,40.554467489902464,21.0,False,False,,,,False,0.0,25.0,0.20500000000000002,0.009601074851711244,5.976920709124015,True,False
180448842,12739,12691,OK,,48,0.003767956668498312,17.28146641227578,2779.106672696317,0.084,0.949780417916297,0.0005316344632358849,1786.529060090075,17.0,False,False,,,,False,0.0,23.0,-0.0050000000000000044,0.46629094018508443,7.000688464367631,True,False
185326770,862,862,OK,,0,0.0,11.106800320005439,1519.3242328847077,0.17,0.011035553002469459,0.00024175779676773577,45.64714416665394,16.0,False,False,,,,False,0.0,20.0,-0.235,0.0016869493084439302,0.1865873900767775,False,False
1961129327,1854,109,UNRELIABLE_DATA,,1743,0.9401294498381877,,,,,,,,,,,,,,,,,,,,
220477788,12404,12379,OK,,25,0.002015478877781361,38.968110608823174,1361.5793957329163,0.028,0.0847187679709254,0.0003253553318915016,260.38844201015627,6.0,True,True,0.0016360028845809893,0.0009282728015526098,0.02748171151716666,False,5.0,3.0,0.405,0.0008903159850264242,3.217317802881971,False,False
224835221,1047,1029,OK,,18,0.017191977077363897,13.01948316151508,1627.082018239036,0.5,0.23676087138228546,0.00044273876729050335,534.7642647858181,31.0,False,False,-0.004509097496184555,0.2610006138115374,28.216331922667994,True,8.0,32.0,0.08499999999999996,0.029857923687781396,4.821382823991604,False,False
230279486,19601,19592,OK,,9,0.0004591602469261772,35.36177465990205,2036.517713040045,0.244,0.8426186010751767,0.0008121586599522764,1037.5049145258024,97.0,False,False,,,,False,107.0,0.0,-0.015000000000000013,0.0039316570416619845,0.35270033021924513,False,False
230621343,1712,213,UNRELIABLE_DATA,,1499,0.8755841121495327,,,,,,,,,,,,,,,,,,,,
231528689,862,838,OK,,24,0.027842227378190254,0.9982346139930549,1518.673751592,0.5,0.005965475257863568,0.00015015944114809933,39.72760695066743,413.0,False,False,0.0021821985494838714,-0.00011885547301693222,0.2236113654595461,False,258.0,243.0,,,,False,False
23259249,1086,1086,OK,,0,0.0,3.9740155961235786,1628.4670353392085,0.17,0.039153593164955494,0.0006553308361630087,59.746300653577556,42.0,False,False,0.0511084488286091,0.024059756272645227,16.074528797342108,True,22.0,32.0,-0.475,0.00579969258111257,2.566694232320161,False,False
233153249,6946,1174,UNRELIABLE_DATA,,5772,0.8309818600633458,,,,,,,,,,,,,,,,,,,,
240959751,23502,23502,OK,,0,0.0,16.02131490305511,1802.657841972322,0.244,0.0884534068162947,0.0005133311573968648,172.31256186522478,421.0,False,False,0.05961266272884724,0.08756478429134784,12.645854144613063,True,253.0,254.0,0.46499999999999997,0.011504970287172012,7.249296827986725,True,False
241818542,1081,1081,OK,,0,0.0,13.523083206336189,1596.947033710472,0.244,0.14096342059844078,0.0008432180723717406,167.1731491735577,10.0,False,False,,,,False,0.0,13.0,0.04500000000000004,0.015288885401068875,8.392778187705453,True,False
258329752,2167,2164,OK,,3,0.0013844023996308261,27.460432810055384,1614.043928041759,0.02,0.07626706980570676,0.0016713827634101488,45.63112141356409,1.0,True,True,,,,False,2.0,1.0,0.46499999999999997,0.0030795016763888183,0.9719588321088151,False,False
264324043,6998,6998,OK,,0,0.0,2.2083431728504856,3481.7447577627368,0.17,0.07207068161702057,4.993376225179182e-05,1443.3256852067939,582.0,False,False,0.06447301396881389,0.06553306314440221,7.716325232754418,True,439.0,263.0,0.405,0.0005732445935913155,1.370488645111427,False,False
285526589,1934,1934,OK,,0,0.0,24.186414953795797,1511.0021486616665,0.35000000000000003,0.05271091491154453,0.0005195884201703121,101.44743967593966,31.0,False,False,0.08773975049167804,0.000683305012131763,29.76092369756113,True,19.0,18.0,0.015000000000000013,0.006794308172098917,2.8849588673549706,False,False
287846593,903,903,OK,,0,0.0,1.7622511272952033,1469.4801215778346,0.084,0.08460774430331733,2.750168269289125e-05,3076.457002581413,46.0,False,False,0.08928305241939305,0.08270663110654419,0.9041952938113136,False,25.0,29.0,-0.375,0.08760245230874641,5.074687970565202,True,False
289799635,1100,1100,OK,,0,0.0,12.365231758167015,1543.9735974262808,0.5,0.10226107662941171,0.0008919450810687461,114.64952136613667,13.0,False,False,,,,False,0.0,20.0,-0.32499999999999996,0.0031761371288758777,0.40123533473298506,False,False
290296164,2211,2206,OK,,5,0.002261420171867933,17.51667459454205,1550.4272747200596,0.02,0.06027787918739097,0.0013392913214178349,45.0072946964056,2.0,True,True,,,,False,1.0,3.0,0.31500000000000006,0.006290919953511054,4.383992966858808,False,False
290342817,1075,1056,OK,,19,0.017674418604651163,13.437707144898448,1627.412075943469,0.084,0.8314975052379874,0.0015737115351702807,528.3671668251556,5.0,True,True,,,,False,1.0,5.0,0.08499999999999996,0.23950397947538282,5.768161375953822,True,False
294852916,2211,2211,OK,,0,0.0,2.546779832363934,1545.5081197520751,0.244,0.01445934059334241,4.0457544803664797e-05,357.39540457810057,209.0,False,False,0.013998224332255171,0.013362336216435122,0.14667997486742052,False,130.0,120.0,0.09499999999999997,0.0011883408951228747,2.433835685166613,False,False
307031606,904,904,OK,,0,0.0,9.583693586425822,1468.36320458051,0.028,0.2223921971180734,0.002810115644936002,79.13987366279305,2.0,True,True,,,,False,0.0,3.0,-0.09499999999999997,0.031748959859409176,3.8996791343282173,False,False
315118781,1963,1940,OK,,23,0.011716760061130923,11.802502302988177,1523.1920758020422,0.02,0.12536293212922225,0.0018300622352383227,68.50200485826466,1.0,True,True,,,,False,1.0,4.0,-0.07500000000000001,0.0023768176631461246,1.296677077375307,False,False
317336819,2263,2263,OK,,0,0.0,7.302141466550282,1631.6688673140638,0.02,0.46285774802489676,0.003473204808698093,133.26531935742534,1.0,True,True,,,,False,1.0,4.0,-0.495,0.002621308367655173,1.9623082960951823,False,False
319184580,47644,47644,OK,,0,0.0,1.3351644703740522,1956.271936152449,0.12,0.014091790656643243,6.804814111310189e-05,207.08560772029716,4392.0,False,False,0.008292633290203133,0.018809800736428572,75.5924667896372,True,2562.0,2707.0,-0.305,0.0010381920464352934,1.1385491836744763,False,False
319926294,1072,1072,OK,,0,0.0,12.11792908887081,1491.7512676999654,0.058,0.08448257575296109,0.0010292445884876548,82.0821179901442,6.0,True,True,,,,False,0.0,7.0,-0.015000000000000013,0.026046371154817005,3.6467392331419757,False,False
330234939,2244,2244,OK,,0,0.0,13.386822455766584,1749.7705968809998,0.5,0.22011833146280022,0.0055819340665288686,39.4340615348187,44.0,False,False,0.2486446382373798,0.17916820214097573,15.093077864395841,True,25.0,31.0,-0.044999999999999984,0.04084304169988928,5.2368596379548675,True,False
338100526,1049,1029,OK,,20,0.019065776930409915,10.36589136790776,1626.2360973396337,0.02,0.9385738069593745,0.0006138623801516766,1528.9645322905542,3.0,True,True,,,,False,1.0,3.0,-0.135,0.2553793746693238,3.9044671432678304,False,False
341355560,9612,9612,OK,,0,0.0,6.474126647657943,2718.9359180524402,0.17,0.0005400956551672266,8.042926025781737e-05,6.715163777907949,244.0,False,False,0.00043782271942682804,0.00015405679177904474,1.746574862719856,False,147.0,148.0,-0.22499999999999998,0.00048109916543626063,2.350551431644996,False,False
343034455,1086,1086,OK,,0,0.0,3.110793937829511,1625.215652003254,0.12,0.039890893820705646,0.0014458978460491075,27.58901255002687,30.0,False,False,0.03219680039044981,0.041650688428702454,2.5015230903228,False,18.0,20.0,0.245,0.009964803394989619,2.9602219736990367,False,False
349482650,51291,51291,OK,,0,0.0,39.20400292627966,1351.387568694162,0.02,0.0013921728515492572,0.0002380917289224824,5.847212155792774,31.0,False,False,0.0013058979828306505,0.0011155191719336432,0.391838405734892,False,18.0,17.0,0.495,0.00019702497234375116,3.034998660322576,False,False
350477886,13367,13352,OK,,15,0.0011221665295129796,2.1769122482150984,1326.474781636391,0.084,0.1274424669733152,0.0001287900830922892,989.5363362875672,520.0,False,False,0.10093948415293053,0.13259505603373145,7.573029803725831,True,316.0,306.0,-0.034999999999999976,0.007965019328283973,6.213846371753831,True,False
356064919,4021,4021,OK,,0,0.0,1.8602620596259094,1984.0430524196627,0.35000000000000003,0.00017751984232566587,3.1380489203355106e-05,5.6570132216640525,804.0,False,False,8.524093252604281e-05,0.00014620034969625717,1.2931531904556688,False,513.0,450.0,0.335,0.0002514753807812964,2.0373592824866713,False,False
35727587,1086,1086,OK,,0,0.0,0.7470882998160427,1625.2330189584864,0.35000000000000003,0.0019910663231604707,3.421575882008285e-05,58.19149981825976,503.0,False,False,0.002006308014997349,0.0018035440562705896,0.5444262328650106,False,297.0,304.0,,,,False,False
362115607,1086,1086,OK,,0,0.0,0.8076008601229427,1625.138115299038,0.17,0.03315086780666838,0.0003295747561568007,100.58679309436036,240.0,False,False,0.03490507590029046,0.02289059384671488,5.425553176857875,True,151.0,140.0,0.235,0.006858154018058227,2.4051822063991573,False,False
366812186,39729,39720,OK,,9,0.00022653477308766896,39.69096696830685,1851.817600256993,0.12,0.6695250579330507,0.0017433035074221948,384.0553610329567,30.0,False,False,,,,False,40.0,0.0,0.015000000000000013,0.0030621264971080198,4.336585535328174,False,False
367301645,2771,2768,OK,,3,0.0010826416456153013,13.102487626568601,2779.501110529682,0.12,0.4167948674570574,0.0001741009823473352,2393.98343327864,18.0,False,False,-0.0087209264757111,0.6718619726994203,29.72602610998556,True,10.0,13.0,0.04500000000000004,0.012046279477461619,2.1281780759757085,False,False
374042630,35603,35369,OK,,234,0.006572479847203887,0.8277039772179968,2825.612049335417,0.5,0.03278066701625931,0.0004186649550724667,78.29809163412139,21718.0,False,False,0.0010488647006278162,0.0009278226813607127,0.06466547223013817,False,13048.0,12909.0,,,,False,False
374684661,1107,1107,OK,,0,0.0,0.6660762713823981,1569.8588994975466,0.5,0.002578842057472352,2.770230397201297e-05,93.09124829753148,823.0,False,False,6.279469076375666e-05,4.738606111365229e-05,0.013213467908472552,False,489.0,506.0,,,,False,False
378267838,63506,63498,OK,,8,0.00012597234906937927,0.7269795151859951,1683.4980910394247,0.17,0.035534975862500776,6.728583750930142e-05,528.1196932056989,14919.0,False,False,0.002808702049228229,0.058393712429833045,30.98113392664374,True,8960.0,8950.0,-0.495,0.003686640443059108,1.472977503636149,False,False
378373317,3453,3453,OK,,0,0.0,28.722781569783336,1790.4760338370002,0.35000000000000003,0.21485735481811297,0.019861685773703324,10.81767969074317,17.0,False,False,,,,False,0.0,21.0,-0.024999999999999994,0.25101203074314715,7.381023381735383,True,False
381979036,13367,13365,OK,,2,0.00014962220393506396,39.22551836118936,1346.4450869628197,0.02,0.9395434853682958,0.0002992692572695093,3139.4587400675855,2.0,True,True,,,,False,2.0,2.0,-0.185,0.0007944462416817899,2.559838550533134,False,False
383076940,1081,1081,OK,,0,0.0,0.7803467599286892,1597.304049269448,0.5,0.01937848124527444,0.0031977377371497574,6.060059591549581,677.0,False,False,-0.0012490057333627291,0.0015355703806707588,0.6849595231124939,False,428.0,398.0,,,,False,False
394083846,1062,1062,OK,,0,0.0,13.294117986920307,1326.4403159464732,0.058,0.013156399152136854,0.0017217247438188713,7.641406792444247,7.0,True,True,0.0071026279506494205,0.00913321164833858,0.5627833258938729,False,4.0,7.0,-0.315,0.007761488034692343,3.7489633829378897,False,False
401120789,1966,1966,OK,,0,0.0,20.53868587754941,1535.1708932389588,0.35000000000000003,0.3073057099402619,4.209837984320118e-05,7299.703957369545,16.0,False,False,,,,False,2.0,18.0,0.025000000000000022,0.036116034061386526,5.290915010885687,True,False
402815463,30052,30051,OK,,1,3.327565553041395e-05,35.235889711693744,1707.1242541677154,0.02,0.9987232602819024,0.001746321069084037,571.9012831963041,1.0,True,True,,,,False,0.0,2.0,-0.28500000000000003,0.0005590175329528435,3.812254584833062,False,False
406676397,1988,216,UNRELIABLE_DATA,,1770,0.8903420523138833,,,,,,,,,,,,,,,,,,,,
40730002,58148,58148,OK,,0,0.0,37.070291792318656,1705.457001743976,0.02,0.10867604180931671,0.0016985776756640555,63.980613525271984,20.0,False,False,0.0027817906980742713,0.0007918363811123541,0.49114334621079236,False,14.0,16.0,0.135,0.00038107984479662793,2.2463258188922577,False,False
411504404,2165,2159,OK,,6,0.002771362586605081,13.639049544106127,1583.014730833909,0.084,0.21527723532632667,0.004191511509185378,51.36028729840369,5.0,True,True,,,,False,0.0,5.0,0.015000000000000013,0.019697089224173348,2.660690395132169,False,False
411731832,1081,1081,OK,,0,0.0,13.416853939154716,1607.5777271993159,0.17,0.07018668349495899,0.00022224252155019766,315.8112273267472,18.0,False,False,0.07517936021359528,0.07636223898451922,0.21140649663367886,False,9.0,9.0,0.495,0.013193842654186883,2.5940440076502873,False,False
420981052,2027,2006,OK,,21,0.010360138135175136,4.000354295189319,1438.4379346858855,0.02,0.4605047458114674,0.0010466127898598647,439.9953356896453,8.0,True,True,0.000507911999167443,0.003308742003918397,0.07643167588901993,False,6.0,8.0,0.14500000000000002,0.007366970227951852,3.533525075522529,False,False
42256607,46625,46625,OK,,0,0.0,1.162437046082001,1683.7477806257234,0.17,0.06903162711607816,0.0004640057172040378,148.773225321538,6754.0,False,False,0.0770325371789986,0.07746810746833888,0.3495983945695245,False,3942.0,4168.0,-0.485,0.12431340456879614,3.051525984711678,False,False
436415423,31445,31443,OK,,2,6.360311655271108e-05,38.31093182774005,1720.8502492804218,0.12,0.1750449373381679,0.001486763419968026,117.73556908060893,57.0,False,False,0.003706779175466801,0.35985053660478683,27.650588087851542,True,63.0,7.0,-0.215,0.0005589473612458429,2.0307995725151646,False,False
43797047,7629,7629,OK,,0,0.0,3.0882217141649617,3453.661381793807,0.084,0.0009542913139641566,0.00016287872787224087,5.858906969808147,181.0,False,False,0.0005078922321595236,0.0006602219430851264,0.42226617289796425,False,44.0,174.0,-0.16499999999999998,0.000906709216282664,2.064169849930755,False,False
459536921,1107,1107,OK,,0,0.0,2.7250475168582238,1569.4823775679808,0.058,0.03115634947904357,0.0009469120099627005,32.903109424360174,27.0,False,False,0.033089019471353454,0.02962265903326089,0.5620270624220838,False,15.0,16.0,0.495,0.010366659889906038,3.8506161193571877,False,False
46669598,1047,1029,OK,,18,0.017191977077363897,13.148686288878995,1627.7041117447075,0.084,0.04712683695058921,7.672321240346521e-05,614.2448350932282,4.0,True,True,,,,False,1.0,4.0,-0.034999999999999976,0.025423169055683204,2.1190214713366795,False,False
469212596,2211,2211,OK,,0,0.0,13.590871367348434,1555.7406317424684,0.35000000000000003,0.11539038768432895,0.0009573833167420011,120.5268419309888,19.0,False,False,0.04482186545354194,0.12331638558707725,8.820268028840072,True,5.0,17.0,-0.034999999999999976,0.02014652675479678,2.0213692723311993,False,False
469451734,1148,1120,OK,,28,0.024390243902439025,13.414288601519807,1655.4451360624873,0.058,0.02372899561820486,0.0008792819701894355,26.986787427351214,4.0,True,True,,,,False,2.0,6.0,-0.044999999999999984,0.0041267067272027225,2.990420256040296,False,False
49209767,14243,14241,OK,,2,0.00014041985536754898,3.0114985881410923,2309.1269854839234,0.244,0.5637923068688301,0.0009010641126608147,625.696106355816,1033.0,False,False,0.48663694102645383,0.2553325799181718,50.832344120469514,True,590.0,675.0,0.18500000000000005,0.028020514231050564,0.8493809467801283,False,False
55401584,12286,12263,OK,,23,0.0018720494872212273,26.66488757143112,1344.8233512294494,0.028,0.8258056183296693,8.840347880214287e-05,9341.324906205524,12.0,False,False,0.0021762248201735446,-0.000519358259249536,0.10488748416161552,False,7.0,8.0,0.42500000000000004,0.0007927719681365408,2.4324317436514944,False,False
58739772,1069,1066,OK,,3,0.002806361085126286,10.094691847599538,1579.3074490872891,0.02,0.9898421970381702,4.858003887029656e-05,20375.49207568445,1.0,True,True,,,,False,2.0,1.0,0.20500000000000002,0.00455331937582748,2.3011686853164934,False,False
59656329,1934,1934,OK,,0,0.0,0.879620332288007,1492.2228122927404,0.084,0.008240192855167213,0.00011598994574616085,71.04230286649613,182.0,False,False,0.004786832521318951,0.005047218601059389,0.02353628967977459,False,116.0,104.0,-0.495,0.002632999591286822,2.7200072007277285,False,False
72005925,1086,1086,OK,,0,0.0,3.4777928789113637,1571.7884259262585,0.5,0.00286864548298994,0.0001297910352801266,22.1020309823292,135.0,False,False,0.00135516108916367,0.002248325713833821,0.09248494169605508,False,53.0,107.0,-0.15499999999999997,0.0020844882740931325,2.6168410407882092,False,False
78008286,1100,1100,OK,,0,0.0,12.365215302897239,1543.8238074555125,0.244,0.40589911932300843,0.0006059172528070763,669.8919983588031,4.0,True,True,,,,False,0.0,7.0,0.06500000000000006,0.1723162326041291,8.06225344469765,True,False
81551538,1086,1086,OK,,0,0.0,2.978437376482449,1570.166115880319,0.5,0.002209263951612841,5.625214269655213e-05,39.27430753225786,165.0,False,False,0.001588023754591772,0.0015443968572783628,0.011473164657776471,False,112.0,86.0,0.245,0.0013232396151577897,2.043934759238868,False,False
82132592,1966,1966,OK,,0,0.0,13.342269225799532,1530.1621932606279,0.5,0.09343198285481308,0.0006328243337859089,147.64284157003055,19.0,False,False,0.12956071984932938,0.08704218717927803,10.597429882014035,True,4.0,17.0,0.04500000000000004,0.010571587141616323,8.25464068555441,True,False
97011250,1056,1039,OK,,17,0.016098484848484848,8.377088973769489,1633.3154302982975,0.02,0.16526337168616717,0.0014398905014688273,114.77495789963375,3.0,True,True,,,,False,1.0,3.0,0.125,0.1049282849285672,4.436831000277198,False,False
97032752,1109,1109,OK,,0,0.0,0.7927609814185551,1816.6974483940885,0.35000000000000003,0.00869522268740714,8.296950208765457e-05,104.80022741634536,478.0,False,False,0.008179131819420538,0.008722871395385745,2.0160042847512383,False,285.0,289.0,0.455,0.0007140140491519453,0.8882954524075778,False,False
