TIC,asassn_queried_ok,asassn_match,asassn_name,asassn_type,asassn_period,asassn_error
102334361,True,False,,,,
111149941,True,False,,,,
118352931,True,False,,,,
119459681,True,False,,,,
12080822,True,False,,,,
122328031,True,False,,,,
122792457,True,False,,,,
125356758,True,False,,,,
125900581,True,False,,,,
1326118009,True,False,,,,
136191877,True,False,,,,
137091217,True,False,,,,
138407805,True,False,,,,
139716826,True,False,,,,
139853641,True,False,,,,
14001269,True,False,,,,
142837818,True,False,,,,
142841561,True,False,,,,
144079288,True,False,,,,
145593829,True,False,,,,
145599042,True,False,,,,
145905547,True,False,,,,
146204013,True,False,,,,
146608979,True,False,,,,
153080360,True,False,,,,
153336799,True,False,,,,
154831114,True,False,,,,
158329671,True,False,,,,
160130060,True,False,,,,
163249597,True,False,,,,
180251856,True,False,,,,
180448842,True,False,,,,
181674559,True,False,,,,
183517039,True,False,,,,
183663600,True,False,,,,
185326770,True,False,,,,
186143099,True,False,,,,
19938261,True,False,,,,
203279104,True,False,,,,
207754858,True,False,,,,
20817046,True,False,,,,
208358448,True,False,,,,
216742782,True,False,,,,
220148279,True,False,,,,
22206966,True,False,,,,
222712042,True,False,,,,
224835221,True,False,,,,
230275619,True,False,,,,
231260455,True,False,,,,
231528689,True,False,,,,
23259249,True,False,,,,
233415701,True,False,,,,
234073743,True,False,,,,
237115819,True,False,,,,
241818542,True,False,,,,
247647672,True,False,,,,
250630820,True,False,,,,
253168781,True,False,,,,
255964136,True,False,,,,
262775292,True,False,,,,
273158289,True,False,,,,
278233128,True,False,,,,
280490331,True,False,,,,
281176866,True,False,,,,
281286325,True,False,,,,
282345650,True,True,J190138.83+183821.7,SR,71.094,
285526589,True,False,,,,
287846593,True,False,,,,
289799635,True,False,,,,
290958279,True,False,,,,
29216744,True,False,,,,
294657132,True,False,,,,
294852916,True,False,,,,
29495157,True,False,,,,
298215657,True,False,,,,
303470667,True,False,,,,
304809821,True,False,,,,
304889252,True,False,,,,
307392778,True,False,,,,
308474943,True,False,,,,
309240602,True,False,,,,
309672362,True,False,,,,
309674872,True,False,,,,
31123635,True,False,,,,
313356920,True,False,,,,
313569577,True,False,,,,
315702957,True,False,,,,
316236490,True,False,,,,
31717527,True,False,,,,
318928219,True,False,,,,
320474615,True,False,,,,
323775614,True,False,,,,
323961620,True,False,,,,
326260517,True,False,,,,
329832608,True,False,,,,
330234939,True,False,,,,
330901906,True,False,,,,
33091659,True,False,,,,
331023501,True,False,,,,
332950091,True,False,,,,
333584947,True,False,,,,
333745611,True,False,,,,
335217393,True,False,,,,
34044618,True,False,,,,
341194762,True,False,,,,
341797047,True,False,,,,
343034455,True,False,,,,
3516691,True,False,,,,
355981677,True,False,,,,
35727587,True,False,,,,
35877600,True,False,,,,
361568408,True,False,,,,
362115607,True,False,,,,
363736935,True,False,,,,
366749440,True,False,,,,
367301645,True,False,,,,
367854604,False,False,,,,"HTTPSConnectionPool(host='vizier.cds.unistra.fr', port=443): Max retries exceeded with url: /viz-bin/votable (Caused by NewConnectionError(""HTTPSConnection(host='vizier.cds.unistra.fr', port=443): Fai"
374684661,True,False,,,,
378067576,False,False,,,,"HTTPSConnectionPool(host='vizier.cds.unistra.fr', port=443): Max retries exceeded with url: /viz-bin/votable (Caused by NewConnectionError(""HTTPSConnection(host='vizier.cds.unistra.fr', port=443): Fai"
382024699,True,False,,,,
386140833,True,False,,,,
386206443,True,False,,,,
387142107,True,False,,,,
393915029,True,False,,,,
394085020,True,False,,,,
394420407,True,False,,,,
398499986,True,False,,,,
400910916,True,False,,,,
401120789,True,False,,,,
402613330,True,False,,,,
403630242,True,False,,,,
403645199,True,True,J190522.48-013353.5,L,--,
410918190,True,False,,,,
411434067,True,False,,,,
411513993,True,True,J121342.82-591513.0,L,--,
411731832,True,False,,,,
412633548,True,False,,,,
414232493,True,False,,,,
417861102,True,False,,,,
421566477,True,False,,,,
42217803,True,False,,,,
426236217,True,False,,,,
427332229,True,False,,,,
43333100,True,False,,,,
433770378,True,True,J183642.55-152946.5,SR,5.8246,
43690105,True,False,,,,
437150434,True,False,,,,
43901938,True,False,,,,
441849650,True,False,,,,
44448395,True,False,,,,
446487595,True,False,,,,
449837951,True,False,,,,
450445835,True,False,,,,
453937711,True,False,,,,
458301068,True,False,,,,
458340718,True,False,,,,
459536921,True,False,,,,
462781855,True,False,,,,
46387913,False,False,,,,"HTTPSConnectionPool(host='vizier.cds.unistra.fr', port=443): Max retries exceeded with url: /viz-bin/votable (Caused by NameResolutionError(""HTTPSConnection(host='vizier.cds.unistra.fr', port=443): Fa"
464366239,False,False,,,,"HTTPSConnectionPool(host='vizier.cds.unistra.fr', port=443): Max retries exceeded with url: /viz-bin/votable (Caused by NameResolutionError(""HTTPSConnection(host='vizier.cds.unistra.fr', port=443): Fa"
464765654,True,False,,,,
465334376,True,False,,,,
465390148,True,False,,,,
466062107,True,False,,,,
466508331,True,False,,,,
467213914,True,False,,,,
467851846,False,False,,,,"HTTPSConnectionPool(host='vizier.cds.unistra.fr', port=443): Max retries exceeded with url: /viz-bin/votable (Caused by NameResolutionError(""HTTPSConnection(host='vizier.cds.unistra.fr', port=443): Fa"
469212596,True,False,,,,
469308938,True,True,J095537.97-563202.8,SR,22.325,
47929727,True,False,,,,
55462736,True,False,,,,
55587172,True,False,,,,
59656329,True,False,,,,
60234259,True,False,,,,
60946457,True,False,,,,
66732476,True,False,,,,
67408849,True,False,,,,
68304700,True,False,,,,
72005925,True,False,,,,
73561499,True,False,,,,
76139867,True,False,,,,
76879277,True,False,,,,
806803694,True,False,,,,
81551538,True,False,,,,
82132592,True,False,,,,
87175731,True,False,,,,
91599324,True,False,,,,
93197394,True,False,,,,
93198521,True,False,,,,
97032752,True,False,,,,
367854604,True,False,,,,
378067576,True,False,,,,
46387913,True,False,,,,
464366239,True,False,,,,
467851846,True,False,,,,
100424264,True,False,,,,
111122174,True,False,,,,
111381330,True,False,,,,
120017739,True,False,,,,
121490919,True,False,,,,
125941416,True,False,,,,
127263318,True,False,,,,
135330868,True,False,,,,
154831865,True,False,,,,
222705458,True,False,,,,
229494598,True,False,,,,
229494833,True,False,,,,
233459038,True,False,,,,
233666475,True,False,,,,
237507898,True,False,,,,
247637164,True,False,,,,
251898081,True,False,,,,
257301155,True,False,,,,
261590581,True,False,,,,
273148514,True,False,,,,
273150032,True,False,,,,
281310348,True,False,,,,
282344989,True,False,,,,
29454613,True,False,,,,
294658624,True,False,,,,
295348592,True,False,,,,
297350195,True,False,,,,
298231916,True,False,,,,
299139880,True,False,,,,
308628103,True,False,,,,
309223749,True,False,,,,
309656476,True,False,,,,
311051394,True,False,,,,
31165161,True,False,,,,
313365243,True,False,,,,
313371518,True,False,,,,
315681366,True,False,,,,
318887646,True,False,,,,
323764927,True,False,,,,
326257760,True,True,J195528.25+664427.5,L,--,
329814247,True,False,,,,
330871525,True,False,,,,
333569564,True,False,,,,
333569585,True,False,,,,
333732585,True,False,,,,
339901386,True,False,,,,
344493385,True,False,,,,
346535587,True,False,,,,
348345578,True,False,,,,
349701853,True,False,,,,
360088761,True,False,,,,
365996460,True,False,,,,
371603115,True,False,,,,
376802340,True,True,J101400.28-635207.6,SR,24.349,
380943251,True,False,,,,
383101733,True,False,,,,
387142211,True,True,J065050.63+161417.5,ROT:,--,
387142213,True,False,,,,
394111941,True,False,,,,
397004906,True,False,,,,
399552998,True,False,,,,
399573126,True,True,J213624.52+361022.5,ROT,3.3839,
399770041,True,False,,,,
402630334,True,False,,,,
402641241,True,False,,,,
410907337,True,False,,,,
411536289,True,False,,,,
414257425,True,False,,,,
430253781,True,False,,,,
437162640,True,False,,,,
444465823,True,False,,,,
44533527,True,False,,,,
451041955,True,False,,,,
452557937,True,False,,,,
453947125,True,False,,,,
457850280,True,False,,,,
465334170,True,False,,,,
465390277,True,False,,,,
467214801,True,False,,,,
54282826,True,False,,,,
57131520,True,True,J181647.70-385902.2,RRAB,0.51671,
66716482,True,False,,,,
73190461,True,False,,,,
79414156,True,False,,,,
80644534,True,False,,,,
80886802,True,False,,,,
810800604,True,False,,,,
86966148,True,False,,,,
87175640,True,False,,,,
87926466,True,False,,,,
90130748,True,False,,,,
93196458,True,False,,,,
93622174,True,False,,,,
139850283,True,False,,,,
231200465,True,True,J064350.15+090946.4,ROT,3.889,
349702481,True,False,,,,
42256323,True,False,,,,
230907580,True,False,,,,
379653933,True,False,,,,
42256493,True,False,,,,
230376393,True,False,,,,
330569407,True,False,,,,
102509246,True,False,,,,
102566477,True,False,,,,
12079324,True,False,,,,
123508954,True,False,,,,
135324633,True,False,,,,
142837844,True,False,,,,
145599024,True,False,,,,
146612348,True,False,,,,
158493845,True,False,,,,
160147252,True,False,,,,
180187028,True,False,,,,
188855091,True,False,,,,
192855779,True,False,,,,
1966164973,True,False,,,,
217028234,True,False,,,,
218193457,True,False,,,,
220423668,True,False,,,,
233409941,True,False,,,,
233452636,True,False,,,,
234065903,True,False,,,,
237514076,True,False,,,,
239727281,True,False,,,,
244978644,True,False,,,,
247637169,True,False,,,,
277917453,True,False,,,,
295347171,True,False,,,,
297357238,True,False,,,,
299138242,True,False,,,,
304803946,True,False,,,,
307380812,True,False,,,,
308473058,True,False,,,,
308626244,True,False,,,,
309657355,True,False,,,,
311054491,True,False,,,,
316215136,True,False,,,,
323965420,True,False,,,,
333569592,True,False,,,,
338685900,True,False,,,,
33986702,True,False,,,,
345086748,True,False,,,,
348337167,True,False,,,,
349453472,True,True,J040641.46+322225.1,L,--,
356500024,True,False,,,,
365998904,True,False,,,,
369395377,True,False,,,,
371605670,True,False,,,,
376808346,True,False,,,,
378070153,True,False,,,,
383287412,True,False,,,,
383801019,True,False,,,,
386205667,True,False,,,,
3933500,True,False,,,,
398475596,True,False,,,,
403676355,True,False,,,,
421567487,True,False,,,,
425071197,True,False,,,,
435411138,True,False,,,,
43796360,True,False,,,,
449836001,True,False,,,,
451039310,True,False,,,,
453947226,True,False,,,,
457855575,True,False,,,,
458340700,True,False,,,,
462781859,True,False,,,,
464366281,True,False,,,,
465390333,True,False,,,,
467851810,True,False,,,,
468888299,True,False,,,,
46896701,True,False,,,,
516402299,True,False,,,,
54280159,True,False,,,,
57135731,True,False,,,,
73928199,True,False,,,,
80996206,True,False,,,,
83759084,True,False,,,,
87168144,True,False,,,,
87926353,True,False,,,,
90463599,True,False,,,,
96982201,True,False,,,,
152404913,True,False,,,,
153727748,True,False,,,,
173381003,True,False,,,,
178331790,True,False,,,,
186430453,True,False,,,,
221066239,True,False,,,,
233662516,True,False,,,,
246552692,True,False,,,,
259073145,True,False,,,,
300359095,True,False,,,,
308498714,True,False,,,,
317639628,True,False,,,,
378112774,True,False,,,,
378232913,True,False,,,,
405181219,True,False,,,,
418883686,True,False,,,,
446737326,True,False,,,,
45663447,True,False,,,,
467847068,True,False,,,,
468353260,True,False,,,,
469136093,True,False,,,,
469444192,True,False,,,,
65504442,True,False,,,,
117150608,True,False,,,,
138384167,True,False,,,,
146159655,True,False,,,,
146617448,True,False,,,,
154168756,True,False,,,,
154818955,True,False,,,,
162918014,True,False,,,,
170084761,True,False,,,,
172779889,True,False,,,,
176245581,True,False,,,,
193558729,True,False,,,,
207760490,True,False,,,,
217024538,True,False,,,,
222608562,True,False,,,,
230267345,True,False,,,,
250598318,True,False,,,,
251896439,True,False,,,,
256521802,True,False,,,,
261575656,True,False,,,,
262755917,True,False,,,,
29445056,True,False,,,,
294659582,True,False,,,,
295373509,True,False,,,,
296483158,True,False,,,,
298242897,True,False,,,,
308629571,True,False,,,,
311025334,True,False,,,,
313372676,True,False,,,,
318850005,True,False,,,,
322079215,True,False,,,,
329787152,True,False,,,,
331043325,True,False,,,,
338106162,True,False,,,,
33973845,True,False,,,,
348884775,True,False,,,,
358411347,True,False,,,,
369341817,True,False,,,,
374158907,True,False,,,,
379012394,True,False,,,,
382059023,True,False,,,,
386539709,True,False,,,,
394600714,True,False,,,,
399788046,True,False,,,,
411457490,True,False,,,,
411553811,True,False,,,,
421580853,True,False,,,,
427344176,True,False,,,,
435411143,True,False,,,,
437171483,True,False,,,,
43795649,True,False,,,,
442691390,True,False,,,,
444478675,True,False,,,,
446502638,True,False,,,,
450458029,True,False,,,,
451543198,True,False,,,,
457550536,True,False,,,,
457631456,True,False,,,,
457804419,True,False,,,,
458342304,True,False,,,,
459439463,True,False,,,,
465392301,True,False,,,,
466504538,True,False,,,,
467216111,True,False,,,,
512887979,True,False,,,,
51894332,True,False,,,,
63206894,True,False,,,,
64256419,True,False,,,,
64728461,True,False,,,,
70366294,True,False,,,,
70762350,True,False,,,,
72388084,True,False,,,,
73994520,True,False,,,,
810681765,True,False,,,,
90456042,True,False,,,,
100129572,True,False,,,,
111365249,True,False,,,,
118307212,True,False,,,,
123580762,True,False,,,,
126971563,True,False,,,,
127107006,True,False,,,,
1324191533,True,False,,,,
133688675,True,False,,,,
139783888,True,False,,,,
139805341,True,False,,,,
142785734,True,False,,,,
145599063,True,False,,,,
146628522,True,False,,,,
151718783,True,False,,,,
153332970,True,False,,,,
154229997,True,False,,,,
158436333,True,False,,,,
170149900,True,False,,,,
173814613,True,False,,,,
183479054,True,False,,,,
183532608,True,False,,,,
192860401,True,False,,,,
193548084,True,False,,,,
207812312,True,False,,,,
218135121,True,False,,,,
220115262,True,False,,,,
22300053,True,False,,,,
224215371,True,False,,,,
230182033,True,False,,,,
230244165,True,False,,,,
230253564,True,False,,,,
235512374,True,False,,,,
235517749,True,False,,,,
239711580,True,False,,,,
244999763,True,False,,,,
250517377,True,True,J061715.48-052037.8,VAR,--,
250549396,True,False,,,,
250568183,True,False,,,,
256541183,True,False,,,,
258243750,True,False,,,,
260342124,True,False,,,,
261459141,True,False,,,,
264245944,True,False,,,,
264345632,True,False,,,,
267516382,True,False,,,,
273125583,True,False,,,,
278199349,True,False,,,,
29418536,True,False,,,,
297089673,True,False,,,,
299182924,True,False,,,,
304790516,True,False,,,,
307299562,True,False,,,,
309141465,True,False,,,,
309622406,True,False,,,,
313659902,True,False,,,,
315531484,True,False,,,,
326169163,True,False,,,,
326172757,True,False,,,,
326225355,True,False,,,,
329718159,True,False,,,,
330774804,True,False,,,,
330791148,True,False,,,,
331084390,True,False,,,,
333696426,True,False,,,,
33945481,True,False,,,,
341077131,True,False,,,,
341126060,True,False,,,,
342232987,True,False,,,,
342314656,True,False,,,,
349725115,True,False,,,,
360003037,True,False,,,,
366725821,True,False,,,,
367154070,True,False,,,,
370553309,True,False,,,,
372966655,True,False,,,,
374689514,True,False,,,,
383296680,True,False,,,,
383306124,True,False,,,,
383318780,True,False,,,,
387858879,True,False,,,,
394441318,True,False,,,,
398397960,True,False,,,,
411471665,True,True,J235522.90+135619.1,RRAB,0.69566,
411495979,True,False,,,,
419744983,True,False,,,,
42143884,True,False,,,,
423202567,True,False,,,,
425067915,True,False,,,,
427347849,True,False,,,,
427348925,True,False,,,,
427352243,True,False,,,,
430314843,True,False,,,,
43330648,True,False,,,,
437226603,True,False,,,,
442703447,True,False,,,,
449823787,True,False,,,,
451022388,True,False,,,,
453692800,True,False,,,,
453840224,True,False,,,,
457534991,True,False,,,,
457822202,True,False,,,,
458340637,True,False,,,,
462785412,True,False,,,,
464738698,True,False,,,,
466069938,True,False,,,,
467847973,True,False,,,,
469350979,True,False,,,,
52030981,True,False,,,,
58674267,True,False,,,,
64781731,True,False,,,,
66702756,True,False,,,,
72384776,True,False,,,,
73532606,True,False,,,,
76861285,True,False,,,,
76863005,True,False,,,,
76873434,True,False,,,,
86951579,True,False,,,,
86956236,True,False,,,,
178335238,True,False,,,,
183675732,True,False,,,,
213660927,True,False,,,,
221066214,True,False,,,,
229506826,True,False,,,,
237465911,True,False,,,,
290146135,True,False,,,,
313731012,True,False,,,,
318511155,True,False,,,,
330431529,True,False,,,,
373896170,True,False,,,,
377770027,True,False,,,,
391708053,True,False,,,,
40655754,True,False,,,,
441262791,True,False,,,,
446758441,True,False,,,,
450674516,True,False,,,,
469447216,True,False,,,,
54077740,True,False,,,,
87448561,True,False,,,,
120152239,True,False,,,,
153038604,True,False,,,,
246561638,True,False,,,,
251936538,True,False,,,,
273212554,True,False,,,,
307424361,True,False,,,,
330435841,True,False,,,,
337529045,True,False,,,,
367266138,True,False,,,,
378273145,True,False,,,,
418888630,True,False,,,,
43796424,True,False,,,,
469449874,True,False,,,,
65497458,True,False,,,,
78957274,True,False,,,,
87009784,True,False,,,,
91690216,True,False,,,,
97017864,True,False,,,,
162825247,True,False,,,,
165598669,True,False,,,,
169863685,True,False,,,,
221088464,True,False,,,,
285490479,True,False,,,,
287652215,True,False,,,,
290187330,True,False,,,,
318520774,True,False,,,,
319039733,True,False,,,,
343785964,True,False,,,,
377519200,True,False,,,,
377776359,True,False,,,,
378273307,True,False,,,,
388766570,True,False,,,,
391729889,True,False,,,,
411767966,True,False,,,,
441227343,True,False,,,,
446777359,True,False,,,,
447134694,True,False,,,,
450663300,True,False,,,,
46032792,True,False,,,,
469447206,True,False,,,,
75204054,True,False,,,,
78955414,True,False,,,,
94249335,True,False,,,,
1007466710,True,False,,,,
114872594,True,False,,,,
165591122,True,False,,,,
214681795,True,False,,,,
230116482,True,False,,,,
246576538,True,False,,,,
257824366,True,False,,,,
258290731,True,False,,,,
285475473,True,False,,,,
290218819,True,False,,,,
294976780,True,False,,,,
298866749,True,False,,,,
318465653,True,False,,,,
318907244,True,False,,,,
330423835,True,False,,,,
341241815,True,False,,,,
356014887,True,False,,,,
388576061,True,False,,,,
402844955,True,False,,,,
40574102,True,False,,,,
418883704,True,False,,,,
467855166,True,False,,,,
80717380,True,False,,,,
1007259218,True,False,,,,
109311492,True,False,,,,
157654826,True,False,,,,
169949222,True,False,,,,
214672965,True,False,,,,
221066136,True,False,,,,
229490432,True,False,,,,
230458415,True,False,,,,
290114000,True,False,,,,
313684677,True,False,,,,
319988008,True,False,,,,
334485117,True,False,,,,
411838663,True,False,,,,
42613466,True,False,,,,
442551080,True,False,,,,
44664792,True,False,,,,
446838667,True,False,,,,
467854305,True,False,,,,
48178046,True,False,,,,
59603820,True,False,,,,
78817261,True,False,,,,
87538041,True,False,,,,
153227379,True,False,,,,
153816845,True,False,,,,
165561584,True,True,J120402.12-370112.0,RRAB,0.57264,
221066179,True,False,,,,
229488142,True,False,,,,
230458181,True,False,,,,
237307453,True,False,,,,
290129286,True,False,,,,
300267162,True,False,,,,
308473067,True,False,,,,
341471277,True,False,,,,
342586820,True,False,,,,
356009858,True,False,,,,
376905285,True,False,,,,
441263248,True,False,,,,
442550825,True,False,,,,
446838709,True,False,,,,
447076072,True,False,,,,
457555870,True,False,,,,
467856038,True,False,,,,
65409906,True,False,,,,
82378781,True,False,,,,
103833883,True,False,,,,
10535986,True,False,,,,
109310537,True,False,,,,
1109500987,True,False,,,,
115207613,True,False,,,,
118191063,True,False,,,,
1228495160,True,False,,,,
124321784,True,False,,,,
125290702,True,False,,,,
1331731163,True,False,,,,
1338994390,True,False,,,,
1370863228,True,False,,,,
138988784,True,False,,,,
141644050,True,False,,,,
144012229,True,False,,,,
145338418,True,False,,,,
145410279,True,False,,,,
145794123,True,False,,,,
14877230,True,False,,,,
1512685244,True,False,,,,
152160223,True,False,,,,
152676628,True,False,,,,
157099355,True,False,,,,
157329268,True,False,,,,
164320544,True,False,,,,
176348607,True,False,,,,
176761575,True,False,,,,
178534308,True,False,,,,
190367347,True,False,,,,
193192746,True,False,,,,
197734660,True,False,,,,
206444793,True,False,,,,
207139927,True,True,J025548.49-580526.2,DSCT,0.13768,
216935767,True,False,,,,
219265042,True,False,,,,
220043101,True,False,,,,
220864349,True,False,,,,
223831061,True,False,,,,
225410119,True,False,,,,
229146166,True,False,,,,
22991394,True,False,,,,
230136849,True,False,,,,
234721268,True,False,,,,
234933892,True,False,,,,
236300238,True,False,,,,
237230115,True,False,,,,
237305366,True,False,,,,
23822834,True,False,,,,
238618726,True,False,,,,
238931334,True,False,,,,
244872990,True,False,,,,
245486169,True,False,,,,
246254072,True,False,,,,
246561671,True,False,,,,
246634639,True,False,,,,
247221656,True,False,,,,
258490713,True,False,,,,
261367380,True,False,,,,
263662928,True,False,,,,
265511935,True,False,,,,
27127246,True,False,,,,
271944854,True,False,,,,
273956302,True,False,,,,
274871756,True,False,,,,
278023096,True,True,J070051.71-780147.2,SR,136.19,
280385022,True,False,,,,
283952911,True,False,,,,
286434343,True,False,,,,
290524602,True,False,,,,
290735904,True,False,,,,
29340725,True,False,,,,
296423618,True,False,,,,
299478287,True,False,,,,
300297733,True,False,,,,
301151548,True,False,,,,
302615789,True,False,,,,
304891773,True,False,,,,
306294675,True,False,,,,
308347760,True,False,,,,
311762942,True,False,,,,
312599571,True,False,,,,
313372757,True,False,,,,
313397687,True,False,,,,
313868305,True,False,,,,
314011819,True,False,,,,
316371627,True,False,,,,
323617591,True,False,,,,
325229396,True,False,,,,
327422997,True,False,,,,
329412831,True,False,,,,
331085987,True,False,,,,
331098807,True,False,,,,
333145823,True,False,,,,
336926907,True,False,,,,
338210132,True,False,,,,
340729559,True,False,,,,
342489895,True,False,,,,
360082593,True,False,,,,
365764494,True,False,,,,
366528229,True,True,J050540.14+325010.0,SR,56.052,
377014052,True,False,,,,
377549741,True,False,,,,
378579388,True,False,,,,
383092059,True,False,,,,
383233440,True,False,,,,
384773438,True,False,,,,
392559026,True,False,,,,
394178348,True,False,,,,
397888247,True,False,,,,
399544063,True,False,,,,
399643791,True,False,,,,
403014725,True,False,,,,
403515554,True,False,,,,
40492079,True,False,,,,
408730508,True,False,,,,
409083544,True,False,,,,
410516593,True,False,,,,
411399308,True,False,,,,
42099404,True,False,,,,
42548988,True,False,,,,
426453055,True,False,,,,
430672525,True,False,,,,
431589382,True,False,,,,
434321668,True,False,,,,
435110418,True,False,,,,
435467259,True,False,,,,
437003164,True,False,,,,
437613680,True,False,,,,
43785616,True,False,,,,
438456488,True,False,,,,
443410478,True,False,,,,
445266372,True,False,,,,
450924355,True,False,,,,
452951173,True,False,,,,
456850805,True,False,,,,
459533211,True,False,,,,
463144593,True,False,,,,
465348431,True,False,,,,
465865896,True,False,,,,
467244068,True,False,,,,
467962259,True,False,,,,
468006524,True,False,,,,
469456984,True,False,,,,
470039605,True,False,,,,
54704633,True,False,,,,
56143903,True,False,,,,
60829240,True,False,,,,
62280901,True,False,,,,
65701415,True,False,,,,
65970288,True,False,,,,
711891238,True,False,,,,
73331789,True,False,,,,
79792004,True,False,,,,
88740497,True,False,,,,
928771178,True,False,,,,
93119532,True,False,,,,
941531396,True,False,,,,
96825049,True,False,,,,
10066367,True,False,,,,
102637537,True,False,,,,
111240209,True,False,,,,
119552727,True,False,,,,
122962681,True,False,,,,
125612555,True,False,,,,
127008114,True,False,,,,
12998390,True,False,,,,
139781950,True,False,,,,
139841201,True,False,,,,
1423111080,True,False,,,,
146029257,True,False,,,,
147569893,True,False,,,,
150230753,True,False,,,,
154756096,True,False,,,,
158398880,True,False,,,,
159614865,True,False,,,,
165449095,True,False,,,,
165584982,True,False,,,,
173513888,True,False,,,,
183356036,True,False,,,,
207981861,True,False,,,,
216579879,True,False,,,,
220168034,True,False,,,,
230151048,True,False,,,,
231055671,True,False,,,,
239661046,True,False,,,,
260332994,True,False,,,,
262664113,True,False,,,,
273787849,True,False,,,,
284657696,True,False,,,,
29341425,True,False,,,,
295403854,True,True,J071459.52-145101.3,ROT:,--,
299181668,True,False,,,,
304768365,True,False,,,,
304817303,True,False,,,,
310710295,True,False,,,,
313374362,True,False,,,,
31409371,True,False,,,,
31595993,True,False,,,,
318730680,True,False,,,,
326070891,True,False,,,,
329718302,True,False,,,,
348371932,True,False,,,,
349408012,True,False,,,,
355282141,True,True,J071537.86-535036.7,DSCT:,0.18077,
373035530,True,False,,,,
383339032,True,False,,,,
387851535,True,False,,,,
394015874,True,False,,,,
397061058,True,False,,,,
399639926,True,False,,,,
399840488,True,False,,,,
402718926,True,False,,,,
410951497,True,False,,,,
427394892,True,False,,,,
43302206,True,False,,,,
453692345,True,False,,,,
457801269,True,False,,,,
458235655,True,False,,,,
458362081,True,False,,,,
464731955,True,False,,,,
466091533,True,False,,,,
466456902,True,False,,,,
469366078,True,False,,,,
47148579,True,False,,,,
54279628,True,False,,,,
73499448,True,False,,,,
76798849,True,False,,,,
80735044,True,False,,,,
1005717774,True,False,,,,
153847933,True,False,,,,
165606794,True,False,,,,
183480856,True,False,,,,
221066192,True,False,,,,
230265281,True,False,,,,
232226631,True,False,,,,
258573942,True,False,,,,
285475457,True,False,,,,
287677245,True,False,,,,
300231919,True,False,,,,
308409944,True,False,,,,
317538704,True,False,,,,
334476178,True,False,,,,
335314943,True,False,,,,
336963973,True,False,,,,
341461748,True,False,,,,
367315395,True,False,,,,
42614397,True,False,,,,
446900421,True,False,,,,
447039069,True,False,,,,
469477138,True,False,,,,
54227637,True,False,,,,
59575189,True,False,,,,
65407576,True,False,,,,
72555157,True,False,,,,
86934109,True,False,,,,
124508488,True,False,,,,
153275485,True,False,,,,
153849710,True,False,,,,
187971282,True,False,,,,
220212798,True,False,,,,
221087982,True,False,,,,
232261044,True,False,,,,
251909160,True,False,,,,
300228365,True,False,,,,
307453359,True,False,,,,
317238196,True,False,,,,
318815324,True,False,,,,
376909885,True,False,,,,
411924621,True,False,,,,
418902333,True,False,,,,
42614554,True,False,,,,
44666113,True,False,,,,
447039068,True,False,,,,
54228799,True,False,,,,
59565839,True,False,,,,
86933689,True,False,,,,
96953218,True,True,J045810.52+315246.9,HADS,0.10653,
1026533862,True,False,,,,
117918093,True,False,,,,
120696924,True,False,,,,
121020593,True,False,,,,
121314359,True,False,,,,
125267676,True,False,,,,
130443651,True,False,,,,
138390181,True,False,,,,
1392468201,True,False,,,,
140306663,True,False,,,,
142614695,True,False,,,,
143378568,True,False,,,,
144800712,True,False,,,,
152246049,True,False,,,,
155125277,True,False,,,,
157302212,True,False,,,,
158864044,True,False,,,,
166636745,True,False,,,,
176244979,True,False,,,,
178549342,True,False,,,,
183197852,True,False,,,,
1869034711,True,False,,,,
189504074,True,False,,,,
190357942,True,False,,,,
207693990,True,False,,,,
210153940,True,False,,,,
210378687,True,False,,,,
212617453,True,False,,,,
214431929,True,False,,,,
216935702,True,False,,,,
217095596,True,False,,,,
217740456,True,False,,,,
222063436,True,False,,,,
223684377,True,False,,,,
225213212,True,False,,,,
229639434,True,False,,,,
230147248,True,False,,,,
234086846,True,False,,,,
234431746,True,False,,,,
234718501,True,False,,,,
234848247,True,False,,,,
237226943,True,False,,,,
238634632,True,False,,,,
23896836,True,False,,,,
246588754,True,False,,,,
250295587,True,False,,,,
254933232,True,True,J155108.08-462810.7,L,--,
258100056,True,False,,,,
259447502,True,False,,,,
261459139,True,False,,,,
262333755,True,False,,,,
263612641,True,False,,,,
264133387,True,False,,,,
265511532,True,False,,,,
271178354,True,False,,,,
271922636,True,False,,,,
272406383,True,False,,,,
273978059,True,False,,,,
274027639,True,False,,,,
274870517,True,False,,,,
279151949,True,False,,,,
279938210,True,False,,,,
280381818,True,False,,,,
28645197,True,False,,,,
290526384,True,False,,,,
294700917,True,False,,,,
294860388,True,False,,,,
296663178,True,False,,,,
297484560,True,False,,,,
306295635,True,False,,,,
310306741,True,False,,,,
310865046,True,False,,,,
3126131,True,False,,,,
313372824,True,False,,,,
318440584,True,False,,,,
323596833,True,False,,,,
327737085,True,False,,,,
330436328,True,False,,,,
330959037,True,False,,,,
331072761,True,False,,,,
331288937,True,False,,,,
338202658,True,False,,,,
342512314,True,False,,,,
349318274,True,False,,,,
358653682,True,False,,,,
365726727,True,False,,,,
365892258,True,False,,,,
36625707,True,False,,,,
369503682,True,False,,,,
373371535,True,False,,,,
381674124,True,False,,,,
382672765,True,False,,,,
382739220,True,False,,,,
383092073,True,False,,,,
383785428,True,False,,,,
384550724,True,False,,,,
386034732,True,False,,,,
390961343,True,False,,,,
394218463,True,False,,,,
400888649,True,False,,,,
401936263,True,False,,,,
40467148,True,False,,,,
409085933,True,False,,,,
410510762,True,False,,,,
410519226,True,False,,,,
411305220,True,False,,,,
423023686,True,False,,,,
430660654,True,False,,,,
431383650,True,False,,,,
435102166,True,False,,,,
437022904,True,False,,,,
450868904,True,False,,,,
452066691,True,False,,,,
454486191,True,False,,,,
455753037,True,False,,,,
463349042,True,False,,,,
465706172,True,False,,,,
465865855,True,False,,,,
467242246,True,False,,,,
467957872,True,False,,,,
469280994,True,False,,,,
469332012,True,False,,,,
469456762,True,False,,,,
47513530,True,False,,,,
48187699,True,False,,,,
52777206,True,False,,,,
53373150,True,False,,,,
54701519,True,False,,,,
54849037,True,False,,,,
57497895,True,False,,,,
59323022,True,False,,,,
59516141,True,False,,,,
60755710,True,False,,,,
64454699,True,False,,,,
65716420,True,False,,,,
66602850,True,False,,,,
711891231,True,False,,,,
71933705,True,False,,,,
72729777,True,False,,,,
77210120,True,False,,,,
86657793,True,False,,,,
86848751,True,False,,,,
86880482,True,False,,,,
942471837,True,False,,,,
9586662,True,False,,,,
96795030,True,False,,,,
1005163163,True,False,,,,
120197871,True,False,,,,
173038741,True,False,,,,
187920815,True,False,,,,
220168302,True,False,,,,
221089693,True,False,,,,
229473505,True,False,,,,
230248835,True,False,,,,
257747010,True,False,,,,
258569221,True,False,,,,
273162473,True,False,,,,
285487188,True,False,,,,
302593752,True,False,,,,
317230361,True,False,,,,
318756174,True,False,,,,
320067018,True,False,,,,
349321638,True,False,,,,
349478177,True,False,,,,
373850893,True,False,,,,
388686985,True,False,,,,
391729898,True,False,,,,
411950353,True,False,,,,
441173491,True,False,,,,
44650107,True,False,,,,
446916392,True,False,,,,
54221323,True,False,,,,
94321101,True,False,,,,
96947054,True,False,,,,
1004610369,True,False,,,,
187920845,True,False,,,,
258569654,True,False,,,,
287667987,True,False,,,,
317235396,True,False,,,,
348757977,True,False,,,,
373846934,True,False,,,,
394710986,True,False,,,,
40476994,True,False,,,,
411978234,True,False,,,,
441164508,True,False,,,,
446931958,True,True,J153105.69-661544.0,SR,72.668,
80729017,True,False,,,,
1003150980,True,False,,,,
197010332,True,False,,,,
220140821,True,False,,,,
221111038,True,False,,,,
290258514,True,False,,,,
295094339,True,False,,,,
307473318,True,False,,,,
317235564,True,False,,,,
318747664,True,False,,,,
320078048,True,False,,,,
341165515,True,False,,,,
373843857,True,True,J052604.11-672956.5,WR,--,
378322169,True,True,J102106.82-602357.2,ROT:,--,
446932700,True,False,,,,
469515133,True,False,,,,
65403233,True,False,,,,
82302820,True,False,,,,
86903184,True,False,,,,
96655793,True,False,,,,
151962530,True,False,,,,
156780644,True,False,,,,
165591133,True,False,,,,
172996930,True,False,,,,
220113236,True,False,,,,
221111641,True,False,,,,
246650797,True,False,,,,
251846918,True,False,,,,
258578541,True,False,,,,
285452370,True,False,,,,
300220017,True,False,,,,
320078290,True,False,,,,
330563772,True,False,,,,
334430361,True,False,,,,
342569756,True,False,,,,
394722182,True,False,,,,
411992127,True,False,,,,
42614843,True,False,,,,
441162975,True,False,,,,
447021399,True,False,,,,
469515142,True,False,,,,
54255072,True,False,,,,
60441135,True,False,,,,
86901854,True,False,,,,
