TIC,ml_score,ml_model_name,scored_at,actual_pixel_verdict
111149941,0.8051,hist_gradient_boosting,2026-09-26T23:29:50.278859+00:00,ON_TARGET
118352931,0.1639,hist_gradient_boosting,2026-09-26T23:29:50.278859+00:00,INCONCLUSIVE
119459681,0.8741,hist_gradient_boosting,2026-09-26T23:29:50.278859+00:00,ON_TARGET
122328031,0.0044,hist_gradient_boosting,2026-09-26T23:29:50.278859+00:00,INCONCLUSIVE
125900581,0.0009,hist_gradient_boosting,2026-09-26T23:29:50.278859+00:00,INCONCLUSIVE
1326118009,0.0092,hist_gradient_boosting,2026-09-26T23:29:50.278859+00:00,OFF_TARGET
136191877,0.0063,hist_gradient_boosting,2026-09-26T23:29:50.278859+00:00,OFF_TARGET
142841561,0.0022,hist_gradient_boosting,2026-09-26T23:29:50.278859+00:00,OFF_TARGET
146204013,0.0309,hist_gradient_boosting,2026-09-26T23:29:50.278859+00:00,OFF_TARGET
146608979,0.0003,hist_gradient_boosting,2026-09-26T23:29:50.278859+00:00,OFF_TARGET
153080360,0.0144,hist_gradient_boosting,2026-09-26T23:29:50.278859+00:00,INCONCLUSIVE
154831114,0.0058,hist_gradient_boosting,2026-09-26T23:29:50.278859+00:00,OFF_TARGET
160130060,0.0025,hist_gradient_boosting,2026-09-26T23:29:50.278859+00:00,OFF_TARGET
203279104,0.0368,hist_gradient_boosting,2026-09-26T23:29:50.278859+00:00,INCONCLUSIVE
207754858,0.0011,hist_gradient_boosting,2026-09-26T23:29:50.278859+00:00,INCONCLUSIVE
208358448,0.0065,hist_gradient_boosting,2026-09-26T23:29:50.278859+00:00,UNRESOLVED
220148279,0.0053,hist_gradient_boosting,2026-09-26T23:29:50.278859+00:00,INCONCLUSIVE
230275619,0.1399,hist_gradient_boosting,2026-09-26T23:29:50.278859+00:00,INCONCLUSIVE
231260455,0.0565,hist_gradient_boosting,2026-09-26T23:29:50.278859+00:00,INCONCLUSIVE
23259249,0.002,hist_gradient_boosting,2026-09-26T23:29:50.278859+00:00,INCONCLUSIVE
237115819,0.7097,hist_gradient_boosting,2026-09-26T23:29:50.278859+00:00,ON_TARGET
253168781,0.0018,hist_gradient_boosting,2026-09-26T23:29:50.278859+00:00,OFF_TARGET
273158289,0.7319,hist_gradient_boosting,2026-09-26T23:29:50.278859+00:00,ON_TARGET
287846593,0.0281,hist_gradient_boosting,2026-09-26T23:29:50.278859+00:00,OFF_TARGET
294852916,0.0395,hist_gradient_boosting,2026-09-26T23:29:50.278859+00:00,OFF_TARGET
29495157,0.9099,hist_gradient_boosting,2026-09-26T23:29:50.278859+00:00,ON_TARGET
298215657,0.0108,hist_gradient_boosting,2026-09-26T23:29:50.278859+00:00,OFF_TARGET
303470667,0.7212,hist_gradient_boosting,2026-09-26T23:29:50.278859+00:00,ON_TARGET
304889252,0.0096,hist_gradient_boosting,2026-09-26T23:29:50.278859+00:00,OFF_TARGET
309240602,0.1962,hist_gradient_boosting,2026-09-26T23:29:50.278859+00:00,UNRESOLVED
309672362,0.0616,hist_gradient_boosting,2026-09-26T23:29:50.278859+00:00,OFF_TARGET
313569577,0.0019,hist_gradient_boosting,2026-09-26T23:29:50.278859+00:00,OFF_TARGET
318928219,0.0931,hist_gradient_boosting,2026-09-26T23:29:50.278859+00:00,OFF_TARGET
320474615,0.0006,hist_gradient_boosting,2026-09-26T23:29:50.278859+00:00,OFF_TARGET
323961620,0.001,hist_gradient_boosting,2026-09-26T23:29:50.278859+00:00,OFF_TARGET
329832608,0.0005,hist_gradient_boosting,2026-09-26T23:29:50.278859+00:00,INCONCLUSIVE
330901906,0.5942,hist_gradient_boosting,2026-09-26T23:29:50.278859+00:00,ON_TARGET
343034455,0.013,hist_gradient_boosting,2026-09-26T23:29:50.278859+00:00,OFF_TARGET
3516691,0.0004,hist_gradient_boosting,2026-09-26T23:29:50.278859+00:00,INCONCLUSIVE
35727587,0.0009,hist_gradient_boosting,2026-09-26T23:29:50.278859+00:00,INCONCLUSIVE
366749440,0.1986,hist_gradient_boosting,2026-09-26T23:29:50.278859+00:00,INCONCLUSIVE
378067576,0.015,hist_gradient_boosting,2026-09-26T23:29:50.278859+00:00,OFF_TARGET
387142107,0.2278,hist_gradient_boosting,2026-09-26T23:29:50.278859+00:00,INCONCLUSIVE
402613330,0.0311,hist_gradient_boosting,2026-09-26T23:29:50.278859+00:00,UNRESOLVED
411434067,0.708,hist_gradient_boosting,2026-09-26T23:29:50.278859+00:00,ON_TARGET
412633548,0.0016,hist_gradient_boosting,2026-09-26T23:29:50.278859+00:00,OFF_TARGET
417861102,0.0042,hist_gradient_boosting,2026-09-26T23:29:50.278859+00:00,INCONCLUSIVE
421566477,0.0007,hist_gradient_boosting,2026-09-26T23:29:50.278859+00:00,OFF_TARGET
426236217,0.0073,hist_gradient_boosting,2026-09-26T23:29:50.278859+00:00,OFF_TARGET
43333100,0.0504,hist_gradient_boosting,2026-09-26T23:29:50.278859+00:00,INCONCLUSIVE
437150434,0.9623,hist_gradient_boosting,2026-09-26T23:29:50.278859+00:00,ON_TARGET
458301068,0.002,hist_gradient_boosting,2026-09-26T23:29:50.278859+00:00,OFF_TARGET
458340718,0.0028,hist_gradient_boosting,2026-09-26T23:29:50.278859+00:00,OFF_TARGET
459536921,0.0054,hist_gradient_boosting,2026-09-26T23:29:50.278859+00:00,INCONCLUSIVE
464366239,0.0244,hist_gradient_boosting,2026-09-26T23:29:50.278859+00:00,INCONCLUSIVE
464765654,0.0124,hist_gradient_boosting,2026-09-26T23:29:50.278859+00:00,OFF_TARGET
467851846,0.0003,hist_gradient_boosting,2026-09-26T23:29:50.278859+00:00,OFF_TARGET
59656329,0.0014,hist_gradient_boosting,2026-09-26T23:29:50.278859+00:00,OFF_TARGET
66732476,0.8786,hist_gradient_boosting,2026-09-26T23:29:50.278859+00:00,ON_TARGET
67408849,0.0005,hist_gradient_boosting,2026-09-26T23:29:50.278859+00:00,OFF_TARGET
73561499,0.0029,hist_gradient_boosting,2026-09-26T23:29:50.278859+00:00,OFF_TARGET
76879277,0.0396,hist_gradient_boosting,2026-09-26T23:29:50.278859+00:00,OFF_TARGET
806803694,0.0003,hist_gradient_boosting,2026-09-26T23:29:50.278859+00:00,INCONCLUSIVE
81551538,0.0015,hist_gradient_boosting,2026-09-26T23:29:50.278859+00:00,OFF_TARGET
87175731,0.0076,hist_gradient_boosting,2026-09-26T23:29:50.278859+00:00,OFF_TARGET
91599324,0.0643,hist_gradient_boosting,2026-09-26T23:29:50.278859+00:00,OFF_TARGET
100424264,0.0148,hist_gradient_boosting,2026-09-26T23:29:50.278859+00:00,INCONCLUSIVE
111122174,0.059,hist_gradient_boosting,2026-09-26T23:29:50.278859+00:00,UNRESOLVED
111381330,0.0561,hist_gradient_boosting,2026-09-26T23:29:50.278859+00:00,OFF_TARGET
120017739,0.0003,hist_gradient_boosting,2026-09-26T23:29:50.278859+00:00,OFF_TARGET
121490919,0.0053,hist_gradient_boosting,2026-09-26T23:29:50.278859+00:00,OFF_TARGET
125941416,0.0054,hist_gradient_boosting,2026-09-26T23:29:50.278859+00:00,OFF_TARGET
127263318,0.0164,hist_gradient_boosting,2026-09-26T23:29:50.278859+00:00,OFF_TARGET
135330868,0.0193,hist_gradient_boosting,2026-09-26T23:29:50.278859+00:00,INCONCLUSIVE
154831865,0.1829,hist_gradient_boosting,2026-09-26T23:29:50.278859+00:00,OFF_TARGET
222705458,0.038,hist_gradient_boosting,2026-09-26T23:29:50.278859+00:00,INCONCLUSIVE
229494598,0.0319,hist_gradient_boosting,2026-09-26T23:29:50.278859+00:00,INCONCLUSIVE
229494833,0.8259,hist_gradient_boosting,2026-09-26T23:29:50.278859+00:00,ON_TARGET
233459038,0.8593,hist_gradient_boosting,2026-09-26T23:29:50.278859+00:00,ON_TARGET
233666475,0.007,hist_gradient_boosting,2026-09-26T23:29:50.278859+00:00,OFF_TARGET
237507898,0.0078,hist_gradient_boosting,2026-09-26T23:29:50.278859+00:00,OFF_TARGET
247637164,0.0068,hist_gradient_boosting,2026-09-26T23:29:50.278859+00:00,INCONCLUSIVE
251898081,0.8829,hist_gradient_boosting,2026-09-26T23:29:50.278859+00:00,ON_TARGET
273148514,0.0553,hist_gradient_boosting,2026-09-26T23:29:50.278859+00:00,UNRESOLVED
273150032,0.0545,hist_gradient_boosting,2026-09-26T23:29:50.278859+00:00,OFF_TARGET
281310348,0.7594,hist_gradient_boosting,2026-09-26T23:29:50.278859+00:00,ON_TARGET
282344989,0.2097,hist_gradient_boosting,2026-09-26T23:29:50.278859+00:00,INCONCLUSIVE
29454613,0.1627,hist_gradient_boosting,2026-09-26T23:29:50.278859+00:00,INCONCLUSIVE
294658624,0.0002,hist_gradient_boosting,2026-09-26T23:29:50.278859+00:00,INCONCLUSIVE
295348592,0.0073,hist_gradient_boosting,2026-09-26T23:29:50.278859+00:00,OFF_TARGET
297350195,0.0073,hist_gradient_boosting,2026-09-26T23:29:50.278859+00:00,OFF_TARGET
298231916,0.0059,hist_gradient_boosting,2026-09-26T23:29:50.278859+00:00,OFF_TARGET
299139880,0.0081,hist_gradient_boosting,2026-09-26T23:29:50.278859+00:00,UNRESOLVED
308628103,0.0328,hist_gradient_boosting,2026-09-26T23:29:50.278859+00:00,OFF_TARGET
309223749,0.0078,hist_gradient_boosting,2026-09-26T23:29:50.278859+00:00,INCONCLUSIVE
309656476,0.7413,hist_gradient_boosting,2026-09-26T23:29:50.278859+00:00,ON_TARGET
31165161,0.0056,hist_gradient_boosting,2026-09-26T23:29:50.278859+00:00,OFF_TARGET
313365243,0.0283,hist_gradient_boosting,2026-09-26T23:29:50.278859+00:00,OFF_TARGET
313371518,0.0009,hist_gradient_boosting,2026-09-26T23:29:50.278859+00:00,OFF_TARGET
315681366,0.0003,hist_gradient_boosting,2026-09-26T23:29:50.278859+00:00,UNRESOLVED
318887646,0.9468,hist_gradient_boosting,2026-09-26T23:29:50.278859+00:00,ON_TARGET
323764927,0.0096,hist_gradient_boosting,2026-09-26T23:29:50.278859+00:00,INCONCLUSIVE
329814247,0.0043,hist_gradient_boosting,2026-09-26T23:29:50.278859+00:00,OFF_TARGET
330871525,0.0622,hist_gradient_boosting,2026-09-26T23:29:50.278859+00:00,OFF_TARGET
333569564,0.0591,hist_gradient_boosting,2026-09-26T23:29:50.278859+00:00,INCONCLUSIVE
333569585,0.135,hist_gradient_boosting,2026-09-26T23:29:50.278859+00:00,INCONCLUSIVE
333732585,0.0688,hist_gradient_boosting,2026-09-26T23:29:50.278859+00:00,OFF_TARGET
339901386,0.0002,hist_gradient_boosting,2026-09-26T23:29:50.278859+00:00,OFF_TARGET
344493385,0.0018,hist_gradient_boosting,2026-09-26T23:29:50.278859+00:00,INCONCLUSIVE
346535587,0.0034,hist_gradient_boosting,2026-09-26T23:29:50.278859+00:00,OFF_TARGET
348345578,0.0076,hist_gradient_boosting,2026-09-26T23:29:50.278859+00:00,OFF_TARGET
349701853,0.65,hist_gradient_boosting,2026-09-26T23:29:50.278859+00:00,ON_TARGET
360088761,0.0015,hist_gradient_boosting,2026-09-26T23:29:50.278859+00:00,OFF_TARGET
365996460,0.1283,hist_gradient_boosting,2026-09-26T23:29:50.278859+00:00,OFF_TARGET
371603115,0.0191,hist_gradient_boosting,2026-09-26T23:29:50.278859+00:00,INCONCLUSIVE
380943251,0.8892,hist_gradient_boosting,2026-09-26T23:29:50.278859+00:00,ON_TARGET
383101733,0.0945,hist_gradient_boosting,2026-09-26T23:29:50.278859+00:00,OFF_TARGET
387142213,0.0389,hist_gradient_boosting,2026-09-26T23:29:50.278859+00:00,OFF_TARGET
394111941,0.0043,hist_gradient_boosting,2026-09-26T23:29:50.278859+00:00,INCONCLUSIVE
397004906,0.0091,hist_gradient_boosting,2026-09-26T23:29:50.278859+00:00,INCONCLUSIVE
399552998,0.0229,hist_gradient_boosting,2026-09-26T23:29:50.278859+00:00,INCONCLUSIVE
399770041,0.8864,hist_gradient_boosting,2026-09-26T23:29:50.278859+00:00,ON_TARGET
402630334,0.063,hist_gradient_boosting,2026-09-26T23:29:50.278859+00:00,INCONCLUSIVE
402641241,0.0032,hist_gradient_boosting,2026-09-26T23:29:50.278859+00:00,UNRESOLVED
410907337,0.0013,hist_gradient_boosting,2026-09-26T23:29:50.278859+00:00,OFF_TARGET
411536289,0.0018,hist_gradient_boosting,2026-09-26T23:29:50.278859+00:00,OFF_TARGET
414257425,0.0093,hist_gradient_boosting,2026-09-26T23:29:50.278859+00:00,OFF_TARGET
430253781,0.0103,hist_gradient_boosting,2026-09-26T23:29:50.278859+00:00,OFF_TARGET
437162640,0.0317,hist_gradient_boosting,2026-09-26T23:29:50.278859+00:00,UNRESOLVED
444465823,0.8834,hist_gradient_boosting,2026-09-26T23:29:50.278859+00:00,ON_TARGET
44533527,0.7954,hist_gradient_boosting,2026-09-26T23:29:50.278859+00:00,ON_TARGET
451041955,0.0072,hist_gradient_boosting,2026-09-26T23:29:50.278859+00:00,INCONCLUSIVE
452557937,0.0632,hist_gradient_boosting,2026-09-26T23:29:50.278859+00:00,INCONCLUSIVE
453947125,0.0488,hist_gradient_boosting,2026-09-26T23:29:50.278859+00:00,OFF_TARGET
465334170,0.0013,hist_gradient_boosting,2026-09-26T23:29:50.278859+00:00,OFF_TARGET
465390277,0.0093,hist_gradient_boosting,2026-09-26T23:29:50.278859+00:00,OFF_TARGET
467214801,0.725,hist_gradient_boosting,2026-09-26T23:29:50.278859+00:00,ON_TARGET
54282826,0.0044,hist_gradient_boosting,2026-09-26T23:29:50.278859+00:00,UNRESOLVED
66716482,0.8606,hist_gradient_boosting,2026-09-26T23:29:50.278859+00:00,ON_TARGET
73190461,0.0027,hist_gradient_boosting,2026-09-26T23:29:50.278859+00:00,OFF_TARGET
79414156,0.0072,hist_gradient_boosting,2026-09-26T23:29:50.278859+00:00,OFF_TARGET
80644534,0.0025,hist_gradient_boosting,2026-09-26T23:29:50.278859+00:00,INCONCLUSIVE
80886802,0.0452,hist_gradient_boosting,2026-09-26T23:29:50.278859+00:00,OFF_TARGET
810800604,0.0024,hist_gradient_boosting,2026-09-26T23:29:50.278859+00:00,UNRESOLVED
86966148,0.0201,hist_gradient_boosting,2026-09-26T23:29:50.278859+00:00,OFF_TARGET
87175640,0.0068,hist_gradient_boosting,2026-09-26T23:29:50.278859+00:00,OFF_TARGET
87926466,0.0462,hist_gradient_boosting,2026-09-26T23:29:50.278859+00:00,OFF_TARGET
90130748,0.0188,hist_gradient_boosting,2026-09-26T23:29:50.278859+00:00,OFF_TARGET
93622174,0.0013,hist_gradient_boosting,2026-09-26T23:29:50.278859+00:00,OFF_TARGET
139850283,0.0383,hist_gradient_boosting,2026-09-26T23:29:50.278859+00:00,OFF_TARGET
349702481,0.0271,hist_gradient_boosting,2026-09-26T23:29:50.278859+00:00,INCONCLUSIVE
42256323,0.0038,hist_gradient_boosting,2026-09-26T23:29:50.278859+00:00,INCONCLUSIVE
230907580,0.028,hist_gradient_boosting,2026-09-26T23:29:50.278859+00:00,UNRESOLVED
379653933,0.0063,hist_gradient_boosting,2026-09-26T23:29:50.278859+00:00,OFF_TARGET
42256493,0.0631,hist_gradient_boosting,2026-09-26T23:29:50.278859+00:00,OFF_TARGET
230376393,0.0019,hist_gradient_boosting,2026-09-26T23:29:50.278859+00:00,UNRESOLVED
330569407,0.008,hist_gradient_boosting,2026-09-26T23:29:50.278859+00:00,OFF_TARGET
102509246,0.0197,hist_gradient_boosting,2026-09-26T23:29:50.278859+00:00,OFF_TARGET
102566477,0.009,hist_gradient_boosting,2026-09-26T23:29:50.278859+00:00,OFF_TARGET
12079324,0.028,hist_gradient_boosting,2026-09-26T23:29:50.278859+00:00,INCONCLUSIVE
123508954,0.0041,hist_gradient_boosting,2026-09-26T23:29:50.278859+00:00,INCONCLUSIVE
135324633,0.0013,hist_gradient_boosting,2026-09-26T23:29:50.278859+00:00,OFF_TARGET
142837844,0.0421,hist_gradient_boosting,2026-09-26T23:29:50.278859+00:00,OFF_TARGET
145599024,0.0103,hist_gradient_boosting,2026-09-26T23:29:50.278859+00:00,INCONCLUSIVE
146612348,0.004,hist_gradient_boosting,2026-09-26T23:29:50.278859+00:00,OFF_TARGET
158493845,0.046,hist_gradient_boosting,2026-09-26T23:29:50.278859+00:00,INCONCLUSIVE
160147252,0.0009,hist_gradient_boosting,2026-09-26T23:29:50.278859+00:00,OFF_TARGET
180187028,0.0003,hist_gradient_boosting,2026-09-26T23:29:50.278859+00:00,UNRESOLVED
188855091,0.0186,hist_gradient_boosting,2026-09-26T23:29:50.278859+00:00,INCONCLUSIVE
192855779,0.0005,hist_gradient_boosting,2026-09-26T23:29:50.278859+00:00,OFF_TARGET
1966164973,0.0009,hist_gradient_boosting,2026-09-26T23:29:50.278859+00:00,INCONCLUSIVE
217028234,0.0199,hist_gradient_boosting,2026-09-26T23:29:50.278859+00:00,OFF_TARGET
218193457,0.0966,hist_gradient_boosting,2026-09-26T23:29:50.278859+00:00,OFF_TARGET
220423668,0.8724,hist_gradient_boosting,2026-09-26T23:29:50.278859+00:00,ON_TARGET
233452636,0.7627,hist_gradient_boosting,2026-09-26T23:29:50.278859+00:00,ON_TARGET
234065903,0.0537,hist_gradient_boosting,2026-09-26T23:29:50.278859+00:00,UNRESOLVED
237514076,0.0294,hist_gradient_boosting,2026-09-26T23:29:50.278859+00:00,INCONCLUSIVE
239727281,0.0366,hist_gradient_boosting,2026-09-26T23:29:50.278859+00:00,INCONCLUSIVE
244978644,0.0404,hist_gradient_boosting,2026-09-26T23:29:50.278859+00:00,OFF_TARGET
247637169,0.0045,hist_gradient_boosting,2026-09-26T23:29:50.278859+00:00,INCONCLUSIVE
277917453,0.0359,hist_gradient_boosting,2026-09-26T23:29:50.278859+00:00,INCONCLUSIVE
297357238,0.0033,hist_gradient_boosting,2026-09-26T23:29:50.278859+00:00,INCONCLUSIVE
299138242,0.0025,hist_gradient_boosting,2026-09-26T23:29:50.278859+00:00,INCONCLUSIVE
304803946,0.0002,hist_gradient_boosting,2026-09-26T23:29:50.278859+00:00,OFF_TARGET
307380812,0.0045,hist_gradient_boosting,2026-09-26T23:29:50.278859+00:00,INCONCLUSIVE
308473058,0.0017,hist_gradient_boosting,2026-09-26T23:29:50.278859+00:00,OFF_TARGET
308626244,0.0024,hist_gradient_boosting,2026-09-26T23:29:50.278859+00:00,OFF_TARGET
309657355,0.0014,hist_gradient_boosting,2026-09-26T23:29:50.278859+00:00,INCONCLUSIVE
316215136,0.001,hist_gradient_boosting,2026-09-26T23:29:50.278859+00:00,UNRESOLVED
323965420,0.0131,hist_gradient_boosting,2026-09-26T23:29:50.278859+00:00,INCONCLUSIVE
333569592,0.0038,hist_gradient_boosting,2026-09-26T23:29:50.278859+00:00,OFF_TARGET
338685900,0.0003,hist_gradient_boosting,2026-09-26T23:29:50.278859+00:00,INCONCLUSIVE
33986702,0.0654,hist_gradient_boosting,2026-09-26T23:29:50.278859+00:00,INCONCLUSIVE
345086748,0.0065,hist_gradient_boosting,2026-09-26T23:29:50.278859+00:00,INCONCLUSIVE
356500024,0.0666,hist_gradient_boosting,2026-09-26T23:29:50.278859+00:00,INCONCLUSIVE
365998904,0.8443,hist_gradient_boosting,2026-09-26T23:29:50.278859+00:00,ON_TARGET
369395377,0.0215,hist_gradient_boosting,2026-09-26T23:29:50.278859+00:00,OFF_TARGET
371605670,0.0125,hist_gradient_boosting,2026-09-26T23:29:50.278859+00:00,UNRESOLVED
376808346,0.0018,hist_gradient_boosting,2026-09-26T23:29:50.278859+00:00,INCONCLUSIVE
378070153,0.007,hist_gradient_boosting,2026-09-26T23:29:50.278859+00:00,INCONCLUSIVE
383287412,0.0273,hist_gradient_boosting,2026-09-26T23:29:50.278859+00:00,INCONCLUSIVE
383801019,0.0095,hist_gradient_boosting,2026-09-26T23:29:50.278859+00:00,OFF_TARGET
386205667,0.0011,hist_gradient_boosting,2026-09-26T23:29:50.278859+00:00,OFF_TARGET
3933500,0.0013,hist_gradient_boosting,2026-09-26T23:29:50.278859+00:00,OFF_TARGET
398475596,0.0005,hist_gradient_boosting,2026-09-26T23:29:50.278859+00:00,INCONCLUSIVE
403676355,0.0382,hist_gradient_boosting,2026-09-26T23:29:50.278859+00:00,OFF_TARGET
421567487,0.0015,hist_gradient_boosting,2026-09-26T23:29:50.278859+00:00,INCONCLUSIVE
425071197,0.0267,hist_gradient_boosting,2026-09-26T23:29:50.278859+00:00,INCONCLUSIVE
435411138,0.0003,hist_gradient_boosting,2026-09-26T23:29:50.278859+00:00,OFF_TARGET
43796360,0.1684,hist_gradient_boosting,2026-09-26T23:29:50.278859+00:00,INCONCLUSIVE
449836001,0.0003,hist_gradient_boosting,2026-09-26T23:29:50.278859+00:00,INCONCLUSIVE
457855575,0.0163,hist_gradient_boosting,2026-09-26T23:29:50.278859+00:00,OFF_TARGET
458340700,0.0026,hist_gradient_boosting,2026-09-26T23:29:50.278859+00:00,OFF_TARGET
462781859,0.0003,hist_gradient_boosting,2026-09-26T23:29:50.278859+00:00,OFF_TARGET
464366281,0.0006,hist_gradient_boosting,2026-09-26T23:29:50.278859+00:00,OFF_TARGET
465390333,0.0145,hist_gradient_boosting,2026-09-26T23:29:50.278859+00:00,INCONCLUSIVE
467851810,0.0001,hist_gradient_boosting,2026-09-26T23:29:50.278859+00:00,OFF_TARGET
468888299,0.0524,hist_gradient_boosting,2026-09-26T23:29:50.278859+00:00,INCONCLUSIVE
46896701,0.0014,hist_gradient_boosting,2026-09-26T23:29:50.278859+00:00,OFF_TARGET
516402299,0.0105,hist_gradient_boosting,2026-09-26T23:29:50.278859+00:00,OFF_TARGET
54280159,0.0033,hist_gradient_boosting,2026-09-26T23:29:50.278859+00:00,OFF_TARGET
57135731,0.0004,hist_gradient_boosting,2026-09-26T23:29:50.278859+00:00,UNRESOLVED
73928199,0.0055,hist_gradient_boosting,2026-09-26T23:29:50.278859+00:00,OFF_TARGET
80996206,0.0014,hist_gradient_boosting,2026-09-26T23:29:50.278859+00:00,INCONCLUSIVE
87168144,0.0072,hist_gradient_boosting,2026-09-26T23:29:50.278859+00:00,OFF_TARGET
87926353,0.0005,hist_gradient_boosting,2026-09-26T23:29:50.278859+00:00,OFF_TARGET
96982201,0.0008,hist_gradient_boosting,2026-09-26T23:29:50.278859+00:00,UNRESOLVED
152404913,0.0006,hist_gradient_boosting,2026-09-26T23:29:50.278859+00:00,INCONCLUSIVE
173381003,0.0008,hist_gradient_boosting,2026-09-26T23:29:50.278859+00:00,INCONCLUSIVE
178331790,0.0099,hist_gradient_boosting,2026-09-26T23:29:50.278859+00:00,UNRESOLVED
186430453,0.0009,hist_gradient_boosting,2026-09-26T23:29:50.278859+00:00,INCONCLUSIVE
233662516,0.0215,hist_gradient_boosting,2026-09-26T23:29:50.278859+00:00,INCONCLUSIVE
246552692,0.0145,hist_gradient_boosting,2026-09-26T23:29:50.278859+00:00,OFF_TARGET
259073145,0.0002,hist_gradient_boosting,2026-09-26T23:29:50.278859+00:00,OFF_TARGET
300359095,0.0007,hist_gradient_boosting,2026-09-26T23:29:50.278859+00:00,OFF_TARGET
308498714,0.0117,hist_gradient_boosting,2026-09-26T23:29:50.278859+00:00,INCONCLUSIVE
317639628,0.0017,hist_gradient_boosting,2026-09-26T23:29:50.278859+00:00,OFF_TARGET
378112774,0.0304,hist_gradient_boosting,2026-09-26T23:29:50.278859+00:00,OFF_TARGET
378232913,0.0085,hist_gradient_boosting,2026-09-26T23:29:50.278859+00:00,INCONCLUSIVE
418883686,0.0003,hist_gradient_boosting,2026-09-26T23:29:50.278859+00:00,INCONCLUSIVE
446737326,0.0239,hist_gradient_boosting,2026-09-26T23:29:50.278859+00:00,OFF_TARGET
45663447,0.0067,hist_gradient_boosting,2026-09-26T23:29:50.278859+00:00,OFF_TARGET
467847068,0.003,hist_gradient_boosting,2026-09-26T23:29:50.278859+00:00,OFF_TARGET
468353260,0.0308,hist_gradient_boosting,2026-09-26T23:29:50.278859+00:00,OFF_TARGET
469136093,0.0012,hist_gradient_boosting,2026-09-26T23:29:50.278859+00:00,INCONCLUSIVE
469444192,0.0316,hist_gradient_boosting,2026-09-26T23:29:50.278859+00:00,OFF_TARGET
65504442,0.0095,hist_gradient_boosting,2026-09-26T23:29:50.278859+00:00,OFF_TARGET
117150608,0.0149,hist_gradient_boosting,2026-09-26T23:29:50.278859+00:00,OFF_TARGET
146159655,0.003,hist_gradient_boosting,2026-09-26T23:29:50.278859+00:00,INCONCLUSIVE
146617448,0.0009,hist_gradient_boosting,2026-09-26T23:29:50.278859+00:00,OFF_TARGET
154168756,0.0002,hist_gradient_boosting,2026-09-26T23:29:50.278859+00:00,OFF_TARGET
154818955,0.002,hist_gradient_boosting,2026-09-26T23:29:50.278859+00:00,INCONCLUSIVE
162918014,0.0062,hist_gradient_boosting,2026-09-26T23:29:50.278859+00:00,OFF_TARGET
170084761,0.0007,hist_gradient_boosting,2026-09-26T23:29:50.278859+00:00,OFF_TARGET
172779889,0.0019,hist_gradient_boosting,2026-09-26T23:29:50.278859+00:00,OFF_TARGET
176245581,0.0016,hist_gradient_boosting,2026-09-26T23:29:50.278859+00:00,OFF_TARGET
193558729,0.0014,hist_gradient_boosting,2026-09-26T23:29:50.278859+00:00,OFF_TARGET
207760490,0.0106,hist_gradient_boosting,2026-09-26T23:29:50.278859+00:00,INCONCLUSIVE
217024538,0.0289,hist_gradient_boosting,2026-09-26T23:29:50.278859+00:00,INCONCLUSIVE
222608562,0.0745,hist_gradient_boosting,2026-09-26T23:29:50.278859+00:00,OFF_TARGET
230267345,0.0047,hist_gradient_boosting,2026-09-26T23:29:50.278859+00:00,INCONCLUSIVE
250598318,0.0051,hist_gradient_boosting,2026-09-26T23:29:50.278859+00:00,INCONCLUSIVE
251896439,0.0619,hist_gradient_boosting,2026-09-26T23:29:50.278859+00:00,OFF_TARGET
256521802,0.009,hist_gradient_boosting,2026-09-26T23:29:50.278859+00:00,OFF_TARGET
261575656,0.0004,hist_gradient_boosting,2026-09-26T23:29:50.278859+00:00,INCONCLUSIVE
262755917,0.002,hist_gradient_boosting,2026-09-26T23:29:50.278859+00:00,OFF_TARGET
29445056,0.0199,hist_gradient_boosting,2026-09-26T23:29:50.278859+00:00,OFF_TARGET
294659582,0.0008,hist_gradient_boosting,2026-09-26T23:29:50.278859+00:00,OFF_TARGET
295373509,0.8546,hist_gradient_boosting,2026-09-26T23:29:50.278859+00:00,ON_TARGET
296483158,0.0047,hist_gradient_boosting,2026-09-26T23:29:50.278859+00:00,INCONCLUSIVE
298242897,0.0029,hist_gradient_boosting,2026-09-26T23:29:50.278859+00:00,INCONCLUSIVE
308629571,0.0288,hist_gradient_boosting,2026-09-26T23:29:50.278859+00:00,INCONCLUSIVE
311025334,0.0118,hist_gradient_boosting,2026-09-26T23:29:50.278859+00:00,OFF_TARGET
313372676,0.002,hist_gradient_boosting,2026-09-26T23:29:50.278859+00:00,OFF_TARGET
318850005,0.0829,hist_gradient_boosting,2026-09-26T23:29:50.278859+00:00,OFF_TARGET
322079215,0.0002,hist_gradient_boosting,2026-09-26T23:29:50.278859+00:00,OFF_TARGET
329787152,0.0011,hist_gradient_boosting,2026-09-26T23:29:50.278859+00:00,INCONCLUSIVE
331043325,0.1307,hist_gradient_boosting,2026-09-26T23:29:50.278859+00:00,OFF_TARGET
338106162,0.001,hist_gradient_boosting,2026-09-26T23:29:50.278859+00:00,OFF_TARGET
33973845,0.0711,hist_gradient_boosting,2026-09-26T23:29:50.278859+00:00,OFF_TARGET
348884775,0.8434,hist_gradient_boosting,2026-09-26T23:29:50.278859+00:00,ON_TARGET
358411347,0.035,hist_gradient_boosting,2026-09-26T23:29:50.278859+00:00,INCONCLUSIVE
369341817,0.0005,hist_gradient_boosting,2026-09-26T23:29:50.278859+00:00,OFF_TARGET
374158907,0.8418,hist_gradient_boosting,2026-09-26T23:29:50.278859+00:00,ON_TARGET
379012394,0.0024,hist_gradient_boosting,2026-09-26T23:29:50.278859+00:00,OFF_TARGET
382059023,0.0014,hist_gradient_boosting,2026-09-26T23:29:50.278859+00:00,OFF_TARGET
386539709,0.0018,hist_gradient_boosting,2026-09-26T23:29:50.278859+00:00,OFF_TARGET
394600714,0.0064,hist_gradient_boosting,2026-09-26T23:29:50.278859+00:00,OFF_TARGET
399788046,0.0827,hist_gradient_boosting,2026-09-26T23:29:50.278859+00:00,OFF_TARGET
411457490,0.7988,hist_gradient_boosting,2026-09-26T23:29:50.278859+00:00,ON_TARGET
411553811,0.064,hist_gradient_boosting,2026-09-26T23:29:50.278859+00:00,INCONCLUSIVE
421580853,0.0007,hist_gradient_boosting,2026-09-26T23:29:50.278859+00:00,OFF_TARGET
427344176,0.0853,hist_gradient_boosting,2026-09-26T23:29:50.278859+00:00,UNRESOLVED
435411143,0.0005,hist_gradient_boosting,2026-09-26T23:29:50.278859+00:00,OFF_TARGET
437171483,0.8438,hist_gradient_boosting,2026-09-26T23:29:50.278859+00:00,ON_TARGET
43795649,0.0047,hist_gradient_boosting,2026-09-26T23:29:50.278859+00:00,OFF_TARGET
442691390,0.0042,hist_gradient_boosting,2026-09-26T23:29:50.278859+00:00,OFF_TARGET
446502638,0.6749,hist_gradient_boosting,2026-09-26T23:29:50.278859+00:00,ON_TARGET
450458029,0.0011,hist_gradient_boosting,2026-09-26T23:29:50.278859+00:00,OFF_TARGET
457550536,0.0045,hist_gradient_boosting,2026-09-26T23:29:50.278859+00:00,OFF_TARGET
457631456,0.0013,hist_gradient_boosting,2026-09-26T23:29:50.278859+00:00,INCONCLUSIVE
457804419,0.0023,hist_gradient_boosting,2026-09-26T23:29:50.278859+00:00,INCONCLUSIVE
458342304,0.0004,hist_gradient_boosting,2026-09-26T23:29:50.278859+00:00,OFF_TARGET
459439463,0.0069,hist_gradient_boosting,2026-09-26T23:29:50.278859+00:00,INCONCLUSIVE
465392301,0.0029,hist_gradient_boosting,2026-09-26T23:29:50.278859+00:00,OFF_TARGET
466504538,0.0019,hist_gradient_boosting,2026-09-26T23:29:50.278859+00:00,OFF_TARGET
467216111,0.0566,hist_gradient_boosting,2026-09-26T23:29:50.278859+00:00,OFF_TARGET
512887979,0.0025,hist_gradient_boosting,2026-09-26T23:29:50.278859+00:00,INCONCLUSIVE
51894332,0.0016,hist_gradient_boosting,2026-09-26T23:29:50.278859+00:00,UNRESOLVED
63206894,0.0005,hist_gradient_boosting,2026-09-26T23:29:50.278859+00:00,INCONCLUSIVE
64256419,0.0107,hist_gradient_boosting,2026-09-26T23:29:50.278859+00:00,OFF_TARGET
64728461,0.0005,hist_gradient_boosting,2026-09-26T23:29:50.278859+00:00,UNRESOLVED
70366294,0.01,hist_gradient_boosting,2026-09-26T23:29:50.278859+00:00,OFF_TARGET
70762350,0.8634,hist_gradient_boosting,2026-09-26T23:29:50.278859+00:00,ON_TARGET
72388084,0.0227,hist_gradient_boosting,2026-09-26T23:29:50.278859+00:00,INCONCLUSIVE
73994520,0.0009,hist_gradient_boosting,2026-09-26T23:29:50.278859+00:00,OFF_TARGET
810681765,0.0005,hist_gradient_boosting,2026-09-26T23:29:50.278859+00:00,INCONCLUSIVE
90456042,0.0017,hist_gradient_boosting,2026-09-26T23:29:50.278859+00:00,OFF_TARGET
100129572,0.0036,hist_gradient_boosting,2026-09-26T23:29:50.278859+00:00,
111365249,0.005,hist_gradient_boosting,2026-09-26T23:29:50.278859+00:00,
118307212,0.4686,hist_gradient_boosting,2026-09-26T23:29:50.278859+00:00,
123580762,0.0008,hist_gradient_boosting,2026-09-26T23:29:50.278859+00:00,
126971563,0.1255,hist_gradient_boosting,2026-09-26T23:29:50.278859+00:00,
127107006,0.0224,hist_gradient_boosting,2026-09-26T23:29:50.278859+00:00,
1324191533,0.0019,hist_gradient_boosting,2026-09-26T23:29:50.278859+00:00,
133688675,0.0014,hist_gradient_boosting,2026-09-26T23:29:50.278859+00:00,
139783888,0.0004,hist_gradient_boosting,2026-09-26T23:29:50.278859+00:00,
139805341,0.0031,hist_gradient_boosting,2026-09-26T23:29:50.278859+00:00,
142785734,0.426,hist_gradient_boosting,2026-09-26T23:29:50.278859+00:00,
145599063,0.0058,hist_gradient_boosting,2026-09-26T23:29:50.278859+00:00,
146628522,0.0469,hist_gradient_boosting,2026-09-26T23:29:50.278859+00:00,
151718783,0.0023,hist_gradient_boosting,2026-09-26T23:29:50.278859+00:00,
153332970,0.0199,hist_gradient_boosting,2026-09-26T23:29:50.278859+00:00,
158436333,0.0186,hist_gradient_boosting,2026-09-26T23:29:50.278859+00:00,
170149900,0.0017,hist_gradient_boosting,2026-09-26T23:29:50.278859+00:00,
173814613,0.0127,hist_gradient_boosting,2026-09-26T23:29:50.278859+00:00,
183479054,0.1211,hist_gradient_boosting,2026-09-26T23:29:50.278859+00:00,
192860401,0.0077,hist_gradient_boosting,2026-09-26T23:29:50.278859+00:00,
193548084,0.0048,hist_gradient_boosting,2026-09-26T23:29:50.278859+00:00,
207812312,0.006,hist_gradient_boosting,2026-09-26T23:29:50.278859+00:00,
218135121,0.0079,hist_gradient_boosting,2026-09-26T23:29:50.278859+00:00,
220115262,0.2005,hist_gradient_boosting,2026-09-26T23:29:50.278859+00:00,
22300053,0.0208,hist_gradient_boosting,2026-09-26T23:29:50.278859+00:00,
224215371,0.0162,hist_gradient_boosting,2026-09-26T23:29:50.278859+00:00,
230244165,0.2044,hist_gradient_boosting,2026-09-26T23:29:50.278859+00:00,
230253564,0.2347,hist_gradient_boosting,2026-09-26T23:29:50.278859+00:00,
235512374,0.7237,hist_gradient_boosting,2026-09-26T23:29:50.278859+00:00,
235517749,0.1429,hist_gradient_boosting,2026-09-26T23:29:50.278859+00:00,
239711580,0.057,hist_gradient_boosting,2026-09-26T23:29:50.278859+00:00,
244999763,0.1853,hist_gradient_boosting,2026-09-26T23:29:50.278859+00:00,
250549396,0.5987,hist_gradient_boosting,2026-09-26T23:29:50.278859+00:00,
250568183,0.0748,hist_gradient_boosting,2026-09-26T23:29:50.278859+00:00,
256541183,0.0906,hist_gradient_boosting,2026-09-26T23:29:50.278859+00:00,
260342124,0.0165,hist_gradient_boosting,2026-09-26T23:29:50.278859+00:00,
261459141,0.1409,hist_gradient_boosting,2026-09-26T23:29:50.278859+00:00,
264245944,0.2223,hist_gradient_boosting,2026-09-26T23:29:50.278859+00:00,
264345632,0.0007,hist_gradient_boosting,2026-09-26T23:29:50.278859+00:00,
267516382,0.0023,hist_gradient_boosting,2026-09-26T23:29:50.278859+00:00,
297089673,0.0004,hist_gradient_boosting,2026-09-26T23:29:50.278859+00:00,
299182924,0.0023,hist_gradient_boosting,2026-09-26T23:29:50.278859+00:00,
304790516,0.0009,hist_gradient_boosting,2026-09-26T23:29:50.278859+00:00,
307299562,0.01,hist_gradient_boosting,2026-09-26T23:29:50.278859+00:00,
309141465,0.1189,hist_gradient_boosting,2026-09-26T23:29:50.278859+00:00,
309622406,0.1899,hist_gradient_boosting,2026-09-26T23:29:50.278859+00:00,
313659902,0.013,hist_gradient_boosting,2026-09-26T23:29:50.278859+00:00,
315531484,0.0005,hist_gradient_boosting,2026-09-26T23:29:50.278859+00:00,
326169163,0.0294,hist_gradient_boosting,2026-09-26T23:29:50.278859+00:00,
326172757,0.0818,hist_gradient_boosting,2026-09-26T23:29:50.278859+00:00,
326225355,0.8687,hist_gradient_boosting,2026-09-26T23:29:50.278859+00:00,
329718159,0.0005,hist_gradient_boosting,2026-09-26T23:29:50.278859+00:00,
330774804,0.021,hist_gradient_boosting,2026-09-26T23:29:50.278859+00:00,
331084390,0.0137,hist_gradient_boosting,2026-09-26T23:29:50.278859+00:00,
333696426,0.002,hist_gradient_boosting,2026-09-26T23:29:50.278859+00:00,
33945481,0.1142,hist_gradient_boosting,2026-09-26T23:29:50.278859+00:00,
341077131,0.1331,hist_gradient_boosting,2026-09-26T23:29:50.278859+00:00,
341126060,0.4428,hist_gradient_boosting,2026-09-26T23:29:50.278859+00:00,
342232987,0.0035,hist_gradient_boosting,2026-09-26T23:29:50.278859+00:00,
349725115,0.2729,hist_gradient_boosting,2026-09-26T23:29:50.278859+00:00,
360003037,0.1228,hist_gradient_boosting,2026-09-26T23:29:50.278859+00:00,
366725821,0.0251,hist_gradient_boosting,2026-09-26T23:29:50.278859+00:00,
367154070,0.1493,hist_gradient_boosting,2026-09-26T23:29:50.278859+00:00,
370553309,0.1638,hist_gradient_boosting,2026-09-26T23:29:50.278859+00:00,
383296680,0.7835,hist_gradient_boosting,2026-09-26T23:29:50.278859+00:00,
383306124,0.5304,hist_gradient_boosting,2026-09-26T23:29:50.278859+00:00,
387858879,0.0059,hist_gradient_boosting,2026-09-26T23:29:50.278859+00:00,
398397960,0.0027,hist_gradient_boosting,2026-09-26T23:29:50.278859+00:00,
411495979,0.2855,hist_gradient_boosting,2026-09-26T23:29:50.278859+00:00,
419744983,0.0002,hist_gradient_boosting,2026-09-26T23:29:50.278859+00:00,
42143884,0.0359,hist_gradient_boosting,2026-09-26T23:29:50.278859+00:00,
423202567,0.0008,hist_gradient_boosting,2026-09-26T23:29:50.278859+00:00,
425067915,0.0012,hist_gradient_boosting,2026-09-26T23:29:50.278859+00:00,
430314843,0.6244,hist_gradient_boosting,2026-09-26T23:29:50.278859+00:00,
43330648,0.1032,hist_gradient_boosting,2026-09-26T23:29:50.278859+00:00,
437226603,0.0141,hist_gradient_boosting,2026-09-26T23:29:50.278859+00:00,
442703447,0.0005,hist_gradient_boosting,2026-09-26T23:29:50.278859+00:00,
449823787,0.0036,hist_gradient_boosting,2026-09-26T23:29:50.278859+00:00,
451022388,0.0027,hist_gradient_boosting,2026-09-26T23:29:50.278859+00:00,
453692800,0.0006,hist_gradient_boosting,2026-09-26T23:29:50.278859+00:00,
453840224,0.0068,hist_gradient_boosting,2026-09-26T23:29:50.278859+00:00,
457534991,0.0032,hist_gradient_boosting,2026-09-26T23:29:50.278859+00:00,
457822202,0.0052,hist_gradient_boosting,2026-09-26T23:29:50.278859+00:00,
458340637,0.0025,hist_gradient_boosting,2026-09-26T23:29:50.278859+00:00,
462785412,0.0002,hist_gradient_boosting,2026-09-26T23:29:50.278859+00:00,
464738698,0.0659,hist_gradient_boosting,2026-09-26T23:29:50.278859+00:00,
466069938,0.0006,hist_gradient_boosting,2026-09-26T23:29:50.278859+00:00,
467847973,0.0103,hist_gradient_boosting,2026-09-26T23:29:50.278859+00:00,
52030981,0.0101,hist_gradient_boosting,2026-09-26T23:29:50.278859+00:00,
58674267,0.0008,hist_gradient_boosting,2026-09-26T23:29:50.278859+00:00,
64781731,0.0033,hist_gradient_boosting,2026-09-26T23:29:50.278859+00:00,
66702756,0.0468,hist_gradient_boosting,2026-09-26T23:29:50.278859+00:00,
72384776,0.0183,hist_gradient_boosting,2026-09-26T23:29:50.278859+00:00,
73532606,0.6366,hist_gradient_boosting,2026-09-26T23:29:50.278859+00:00,
76861285,0.1301,hist_gradient_boosting,2026-09-26T23:29:50.278859+00:00,
76863005,0.0138,hist_gradient_boosting,2026-09-26T23:29:50.278859+00:00,
76873434,0.1386,hist_gradient_boosting,2026-09-26T23:29:50.278859+00:00,
86951579,0.0185,hist_gradient_boosting,2026-09-26T23:29:50.278859+00:00,
86956236,0.9273,hist_gradient_boosting,2026-09-26T23:29:50.278859+00:00,
